spelling,count,suggested_correction,correction_count,edit_distance,looks_polish,locations
moim,1,olim,33,2,False,0005.JPG.parsed.txt:34
alem,1,olim,33,2,False,0064.JPG.parsed.txt:9
Dominis,1,DOMINI,31,1,False,0060.JPG.parsed.txt:14
Leopolienses,2,LEOPOLIENSIS,30,1,False,0005.JPG.parsed.txt:11; 0063.JPG.parsed.txt:31
Tarnopoliensis,1,LEOPOLIENSIS,30,4,False,0007.JPG.parsed.txt:13
Leopoliensibus,1,LEOPOLIENSIS,30,2,False,0053.JPG.parsed.txt:9
albo,2,ANNO,27,2,False,0006.JPG.parsed.txt:11; 0066.JPG.parsed.txt:9
meum,2,suum,27,2,False,0006.JPG.parsed.txt:32; 0061.JPG.parsed.txt:37
trum,1,suum,27,2,False,0006.JPG.parsed.txt:38
phum,1,suum,27,2,False,0054.JPG.parsed.txt:3
annos,2,ANNO,27,1,False,0054.JPG.parsed.txt:29; 0064.JPG.parsed.txt:20
Banni,1,ANNO,27,2,False,0055.JPG.parsed.txt:30
uando,1,ANNO,27,2,False,0057.JPG.parsed.txt:12
sumus,1,suum,27,2,False,0057.JPG.parsed.txt:27
annis,1,ANNO,27,2,False,0060.JPG.parsed.txt:9
ambo,2,ANNO,27,2,False,0060.JPG.parsed.txt:24; 0063.JPG.parsed.txt:6
anni,1,ANNO,27,1,False,0062.JPG.parsed.txt:35
magno,2,ANNO,27,2,False,0063.JPG.parsed.txt:1; 0064.JPG.parsed.txt:31
damno,1,ANNO,27,2,False,0064.JPG.parsed.txt:31
Slno,1,ANNO,27,2,False,0066.JPG.parsed.txt:39
sinum,1,suum,27,2,False,0067.JPG.parsed.txt:16
LIBRI,1,sibi,22,2,False,0004.JPG.parsed.txt:5
swoi,1,sibi,22,2,False,0006.JPG.parsed.txt:1
mihi,1,sibi,22,2,False,0051.JPG.parsed.txt:11
sint,2,sibi,22,2,False,0056.JPG.parsed.txt:12; 0063.JPG.parsed.txt:5
liti,1,sibi,22,2,False,0058.JPG.parsed.txt:16
Scabi,1,sibi,22,2,False,0059.JPG.parsed.txt:3
subsi,1,sibi,22,2,False,0065.JPG.parsed.txt:6
stoi,1,sibi,22,2,False,0066.JPG.parsed.txt:35
Szpi,1,sibi,22,2,True,0069.JPG.parsed.txt:14
famatis,2,Famati,20,1,False,0049.JPG.parsed.txt:22; 0059.JPG.parsed.txt:13
Famato,2,Famati,20,1,False,0050.JPG.parsed.txt:22; 0050.JPG.parsed.txt:26
Famuli,2,Famati,20,2,False,0052.JPG.parsed.txt:35; 0066.JPG.parsed.txt:25
factum,1,Actum,20,1,False,0060.JPG.parsed.txt:39
dictum,2,Actum,20,2,False,0062.JPG.parsed.txt:20; 0063.JPG.parsed.txt:19
Civi,2,Civis,19,1,False,0049.JPG.parsed.txt:2; 0050.JPG.parsed.txt:22
Civili,1,Civis,19,2,False,0051.JPG.parsed.txt:24
Civita,1,Civis,19,2,False,0052.JPG.parsed.txt:35
Civium,1,Civis,19,2,False,0054.JPG.parsed.txt:29
pala,2,palam,19,1,False,0056.JPG.parsed.txt:33; 0065.JPG.parsed.txt:10
Civilis,1,Civis,19,2,False,0057.JPG.parsed.txt:22
privis,1,Civis,19,2,False,0060.JPG.parsed.txt:3
quivis,1,Civis,19,2,False,0060.JPG.parsed.txt:27
cinis,1,Civis,19,1,False,0067.JPG.parsed.txt:13
Officioze,1,OFFICIO,17,2,False,0066.JPG.parsed.txt:27
officiose,1,OFFICIO,17,2,False,0067.JPG.parsed.txt:32
neficio,1,OFFICIO,17,2,False,0068.JPG.parsed.txt:18
eisdem,1,eidem,16,1,False,0007.JPG.parsed.txt:29
ferentorum,1,florenorum,16,3,False,0053.JPG.parsed.txt:11
wtey,1,item,15,2,False,0006.JPG.parsed.txt:2
wtym,2,item,15,2,False,0006.JPG.parsed.txt:5; 0006.JPG.parsed.txt:6
vase,2,esse,15,2,False,0007.JPG.parsed.txt:5; 0007.JPG.parsed.txt:6
emisse,1,esse,15,2,False,0007.JPG.parsed.txt:10
sese,2,esse,15,2,False,0007.JPG.parsed.txt:14; 0058.JPG.parsed.txt:25
iisdem,2,idem,15,2,False,0050.JPG.parsed.txt:23; 0057.JPG.parsed.txt:1
situm,2,item,15,2,False,0052.JPG.parsed.txt:5; 0052.JPG.parsed.txt:7
ijsdem,1,idem,15,2,False,0052.JPG.parsed.txt:20
cesse,1,esse,15,1,False,0055.JPG.parsed.txt:25
Eysse,1,esse,15,1,False,0060.JPG.parsed.txt:29
suma,1,summa,15,1,False,0060.JPG.parsed.txt:34
gdym,1,idem,15,2,False,0064.JPG.parsed.txt:3
wiem,1,item,15,2,False,0064.JPG.parsed.txt:10
lites,1,item,15,2,False,0064.JPG.parsed.txt:25
comparere,1,Comparens,15,2,False,0064.JPG.parsed.txt:30
iemu,1,item,15,2,False,0065.JPG.parsed.txt:37
grem,1,item,15,2,False,0066.JPG.parsed.txt:3
teste,2,esse,15,2,False,0066.JPG.parsed.txt:37; 0067.JPG.parsed.txt:17
diem,1,item,15,2,False,0067.JPG.parsed.txt:15
Comparans,1,Comparens,15,1,False,0067.JPG.parsed.txt:25
chorym,1,CORAM,14,2,False,0005.JPG.parsed.txt:26
ctorem,1,CORAM,14,2,False,0054.JPG.parsed.txt:7
portam,1,CORAM,14,2,False,0054.JPG.parsed.txt:33
Abis,1,suis,14,2,False,0056.JPG.parsed.txt:9
stulam,1,suam,14,2,False,0057.JPG.parsed.txt:23
ssis,1,suis,14,1,False,0059.JPG.parsed.txt:18
satis,1,suis,14,2,False,0060.JPG.parsed.txt:8
assis,1,suis,14,2,False,0061.JPG.parsed.txt:33
suas,1,suam,14,1,False,0063.JPG.parsed.txt:6
clam,1,suam,14,2,False,0064.JPG.parsed.txt:23
saluam,1,suam,14,2,False,0065.JPG.parsed.txt:16
samo,1,suam,14,2,False,0066.JPG.parsed.txt:32
sadm,1,suam,14,2,False,0069.JPG.parsed.txt:32
posse,2,post,13,2,False,0005.JPG.parsed.txt:17; 0061.JPG.parsed.txt:10
poki,1,post,13,2,False,0006.JPG.parsed.txt:6
actorem,2,tutorem,13,2,False,0007.JPG.parsed.txt:1; 0054.JPG.parsed.txt:1
potest,1,post,13,2,False,0050.JPG.parsed.txt:29
Heliam,1,etiam,13,2,False,0054.JPG.parsed.txt:1
natorem,1,tutorem,13,2,False,0064.JPG.parsed.txt:20
tiam,1,etiam,13,1,False,0065.JPG.parsed.txt:10
prout,1,post,13,2,False,0068.JPG.parsed.txt:9
Leopolita,2,Leopoli,12,2,False,0003.JPG.parsed.txt:10; 0067.JPG.parsed.txt:3
CIVITATE,1,Civitatis,12,2,False,0004.JPG.parsed.txt:4
Leopoliensium,2,LEOPOLIENSI,12,2,False,0006.JPG.parsed.txt:16; 0054.JPG.parsed.txt:29
media,1,feria,12,2,False,0007.JPG.parsed.txt:5
Quas,2,Quam,12,1,False,0049.JPG.parsed.txt:3; 0064.JPG.parsed.txt:29
debitum,1,debiti,12,2,False,0049.JPG.parsed.txt:15
quem,1,Quam,12,1,False,0051.JPG.parsed.txt:10
actio,1,Actis,12,1,False,0051.JPG.parsed.txt:23
debite,1,debiti,12,1,False,0053.JPG.parsed.txt:13
Feren,1,feria,12,2,False,0053.JPG.parsed.txt:16
Actoris,1,Actis,12,2,False,0053.JPG.parsed.txt:18
Helia,1,feria,12,2,False,0053.JPG.parsed.txt:36
dantis,1,Actis,12,2,False,0055.JPG.parsed.txt:7
forma,2,feria,12,2,False,0056.JPG.parsed.txt:27; 0063.JPG.parsed.txt:17
Ciuitatis,1,Civitatis,12,1,False,0058.JPG.parsed.txt:28
quodam,1,Quam,12,2,False,0059.JPG.parsed.txt:8
quemam,1,Quam,12,2,False,0061.JPG.parsed.txt:10
Leopolitani,1,LEOPOLIENSI,12,3,False,0061.JPG.parsed.txt:34
Civitatem,1,Civitatis,12,2,False,0062.JPG.parsed.txt:10
fatis,1,Actis,12,2,False,0064.JPG.parsed.txt:38
Leopo,2,Leopoli,12,2,False,0066.JPG.parsed.txt:23; 0066.JPG.parsed.txt:24
legiti,1,debiti,12,2,False,0067.JPG.parsed.txt:5
actibus,1,Actis,12,2,False,0068.JPG.parsed.txt:10
tiis,1,eius,11,2,False,0049.JPG.parsed.txt:30
sexus,1,eius,11,2,False,0049.JPG.parsed.txt:36
oraque,1,itaque,11,2,False,0050.JPG.parsed.txt:12
euntes,1,eundem,11,2,False,0051.JPG.parsed.txt:38
ties,1,eius,11,2,False,0055.JPG.parsed.txt:23
undem,1,eundem,11,1,False,0057.JPG.parsed.txt:9
Regius,1,eius,11,2,False,0057.JPG.parsed.txt:21
rebus,1,eius,11,2,False,0060.JPG.parsed.txt:7
secus,1,eius,11,2,False,0060.JPG.parsed.txt:9
utraque,1,itaque,11,2,False,0060.JPG.parsed.txt:28
Fueri,1,fuerit,11,1,False,0060.JPG.parsed.txt:34
Ciui,1,eius,11,2,False,0061.JPG.parsed.txt:29
rium,1,eius,11,2,False,0061.JPG.parsed.txt:32
Eras,1,eius,11,2,False,0062.JPG.parsed.txt:17
fuerat,2,fuerit,11,1,False,0062.JPG.parsed.txt:19; 0065.JPG.parsed.txt:18
dium,1,eius,11,2,False,0062.JPG.parsed.txt:35
eues,1,eius,11,2,False,0063.JPG.parsed.txt:3
sepius,1,eius,11,2,False,0064.JPG.parsed.txt:23
vtraque,1,itaque,11,2,False,0068.JPG.parsed.txt:22
Quin,1,Quia,10,1,False,0005.JPG.parsed.txt:3
quid,1,Quia,10,1,False,0050.JPG.parsed.txt:4
perpetuis,2,perpetuo,10,2,False,0055.JPG.parsed.txt:9; 0057.JPG.parsed.txt:9
endum,1,eodem,10,2,False,0055.JPG.parsed.txt:14
ususque,1,eiusque,10,2,False,0055.JPG.parsed.txt:14
perpetuam,2,perpetuo,10,2,False,0055.JPG.parsed.txt:15; 0058.JPG.parsed.txt:24
cunia,1,Quia,10,2,False,0056.JPG.parsed.txt:12
perpetuum,1,perpetuo,10,2,False,0057.JPG.parsed.txt:13
fuit,2,Quia,10,2,False,0059.JPG.parsed.txt:20; 0062.JPG.parsed.txt:35
multa,1,iuxta,10,2,False,0059.JPG.parsed.txt:31
minusque,1,eiusque,10,2,False,0061.JPG.parsed.txt:12
atquidem,1,quidem,10,2,False,0061.JPG.parsed.txt:30
cura,1,Quia,10,2,False,0062.JPG.parsed.txt:18
auiae,1,Quia,10,2,False,0062.JPG.parsed.txt:21
iuxtam,1,iuxta,10,1,False,0062.JPG.parsed.txt:25
Iasies,1,ipsius,10,2,False,0065.JPG.parsed.txt:35
Curia,1,Quia,10,2,False,0066.JPG.parsed.txt:19
istius,1,ipsius,10,2,False,0068.JPG.parsed.txt:37
serio,1,vero,9,2,False,0006.JPG.parsed.txt:27
memo,2,vero,9,2,False,0051.JPG.parsed.txt:7; 0052.JPG.parsed.txt:13
fatus,1,Famatus,9,2,False,0051.JPG.parsed.txt:10
vere,1,vero,9,1,False,0051.JPG.parsed.txt:37
iuribus,1,iuris,9,2,False,0052.JPG.parsed.txt:18
infrascriptionum,1,inscriptionem,9,4,False,0053.JPG.parsed.txt:25
bere,2,vero,9,2,False,0053.JPG.parsed.txt:34; 0061.JPG.parsed.txt:14
Praefatae,2,praefata,9,1,False,0055.JPG.parsed.txt:26; 0067.JPG.parsed.txt:34
verum,2,vero,9,2,False,0055.JPG.parsed.txt:28; 0063.JPG.parsed.txt:15
tyris,1,iuris,9,2,False,0057.JPG.parsed.txt:3
Inscriptionemque,2,inscriptionem,9,3,False,0057.JPG.parsed.txt:13; 0067.JPG.parsed.txt:35
Honora,1,contra,9,2,False,0057.JPG.parsed.txt:19
Reco,1,vero,9,2,False,0058.JPG.parsed.txt:16
retro,1,vero,9,2,False,0059.JPG.parsed.txt:27
coro,1,vero,9,2,False,0061.JPG.parsed.txt:1
contradi,1,contra,9,2,False,0061.JPG.parsed.txt:16
fere,1,vero,9,2,False,0062.JPG.parsed.txt:2
tandem,1,eandem,9,1,False,0062.JPG.parsed.txt:20
vera,2,vero,9,1,False,0063.JPG.parsed.txt:5; 0068.JPG.parsed.txt:31
verba,1,vero,9,2,False,0064.JPG.parsed.txt:2
foro,1,vero,9,2,False,0064.JPG.parsed.txt:21
inscriptione,1,inscriptionem,9,1,False,0066.JPG.parsed.txt:20
vltro,1,vero,9,2,False,0068.JPG.parsed.txt:23
Honesto,2,Honesta,8,1,False,0007.JPG.parsed.txt:30; 0051.JPG.parsed.txt:21
Honestus,1,Honesta,8,2,False,0054.JPG.parsed.txt:27
testem,1,festum,8,2,False,0061.JPG.parsed.txt:35
sancte,1,Sancti,8,1,False,0062.JPG.parsed.txt:19
sancta,1,Sancti,8,1,False,0063.JPG.parsed.txt:7
ipsis,2,ipsi,7,1,False,0005.JPG.parsed.txt:18; 0059.JPG.parsed.txt:16
prawa,1,prae,7,2,False,0005.JPG.parsed.txt:33
Przyia,1,Przy,7,2,True,0005.JPG.parsed.txt:33
dobr,1,domo,7,2,False,0006.JPG.parsed.txt:2
brać,1,prae,7,2,True,0006.JPG.parsed.txt:8
temporis,2,tempore,7,2,False,0006.JPG.parsed.txt:20; 0050.JPG.parsed.txt:10
benevolique,1,benevoleque,7,1,False,0050.JPG.parsed.txt:18
iusti,1,ipsi,7,2,False,0050.JPG.parsed.txt:19
persona,1,personam,7,1,False,0051.JPG.parsed.txt:8
praetextam,1,praefatam,7,3,False,0051.JPG.parsed.txt:27
Jaco,2,iako,7,2,False,0051.JPG.parsed.txt:34; 0053.JPG.parsed.txt:27
praefatum,2,praefatam,7,1,False,0052.JPG.parsed.txt:8; 0057.JPG.parsed.txt:10
Pater,1,inter,7,2,False,0053.JPG.parsed.txt:5
Laiko,1,iako,7,2,False,0054.JPG.parsed.txt:1
primae,1,prae,7,2,False,0056.JPG.parsed.txt:18
Famatam,1,Famatum,7,1,False,0057.JPG.parsed.txt:38
verae,1,prae,7,2,False,0059.JPG.parsed.txt:6
Adamo,1,domo,7,2,False,0059.JPG.parsed.txt:34
water,1,inter,7,2,False,0060.JPG.parsed.txt:31
maio,1,iako,7,2,False,0061.JPG.parsed.txt:9
personas,1,personam,7,1,False,0062.JPG.parsed.txt:13
dono,1,domo,7,1,False,0062.JPG.parsed.txt:15
tempora,1,tempore,7,1,False,0063.JPG.parsed.txt:2
ramo,1,iako,7,2,False,0063.JPG.parsed.txt:13
Fran,1,prae,7,2,False,0064.JPG.parsed.txt:6
prawi,1,prae,7,2,False,0066.JPG.parsed.txt:11
cognouit,1,recognouit,7,2,False,0067.JPG.parsed.txt:10
prawie,1,prae,7,2,False,0069.JPG.parsed.txt:24
trzem,1,przed,7,2,True,0069.JPG.parsed.txt:37
prziet,1,przed,7,2,True,0069.JPG.parsed.txt:38
Comparontes,1,Comparentes,6,1,False,0005.JPG.parsed.txt:7
moiej,1,moiey,6,1,False,0005.JPG.parsed.txt:29
mocney,1,moiey,6,2,False,0006.JPG.parsed.txt:4
woley,1,moiey,6,2,False,0006.JPG.parsed.txt:12
żony,1,bona,6,2,True,0006.JPG.parsed.txt:14
testamento,1,TESTAMENTI,6,1,False,0006.JPG.parsed.txt:30
pecuniarij,1,pecuniae,6,3,False,0007.JPG.parsed.txt:2
cuniae,1,pecuniae,6,2,False,0007.JPG.parsed.txt:28
inscriptio,1,inscripsit,6,2,False,0007.JPG.parsed.txt:32
iamque,1,atque,6,2,False,0007.JPG.parsed.txt:33
florenum,1,Florenos,6,2,False,0049.JPG.parsed.txt:1
Polonicis,1,Polonicalis,6,2,False,0049.JPG.parsed.txt:2
pecunia,1,pecuniae,6,1,False,0049.JPG.parsed.txt:5
vice,1,sive,6,2,False,0049.JPG.parsed.txt:15
bene,2,bona,6,2,False,0049.JPG.parsed.txt:24; 0060.JPG.parsed.txt:12
neque,2,atque,6,2,False,0049.JPG.parsed.txt:26; 0060.JPG.parsed.txt:10
stante,1,ante,6,2,False,0049.JPG.parsed.txt:31
praefatus,1,praefato,6,2,False,0049.JPG.parsed.txt:33
totius,1,totum,6,2,False,0049.JPG.parsed.txt:37
tuitores,1,Tutore,6,2,False,0049.JPG.parsed.txt:38
siue,1,sive,6,1,False,0050.JPG.parsed.txt:6
scripsit,1,inscripsit,6,2,False,0050.JPG.parsed.txt:8
liberum,1,libere,6,2,False,0051.JPG.parsed.txt:2
sione,1,sive,6,2,False,0051.JPG.parsed.txt:6
Jona,1,bona,6,1,False,0051.JPG.parsed.txt:21
leque,2,atque,6,2,False,0051.JPG.parsed.txt:38; 0059.JPG.parsed.txt:7
Consulis,1,Consularis,6,2,False,0052.JPG.parsed.txt:2
idque,2,atque,6,2,False,0052.JPG.parsed.txt:16; 0061.JPG.parsed.txt:7
praefatorum,1,praefato,6,3,False,0052.JPG.parsed.txt:21
Polonicales,1,Polonicalis,6,1,False,0053.JPG.parsed.txt:7
lapideae,2,lapidea,6,1,False,0053.JPG.parsed.txt:8; 0057.JPG.parsed.txt:19
Consularibus,2,Consularis,6,2,False,0053.JPG.parsed.txt:9; 0054.JPG.parsed.txt:36
prefate,1,praefato,6,2,False,0053.JPG.parsed.txt:14
successor,2,Successorum,6,2,False,0053.JPG.parsed.txt:24; 0057.JPG.parsed.txt:34
Florenis,2,Florenos,6,1,False,0053.JPG.parsed.txt:27; 0067.JPG.parsed.txt:30
Consulare,1,Consulari,6,1,False,0053.JPG.parsed.txt:38
successoribusque,1,successoribus,6,3,False,0055.JPG.parsed.txt:11
mente,2,ante,6,2,False,0056.JPG.parsed.txt:33; 0059.JPG.parsed.txt:15
Polonicalium,2,Polonicalis,6,2,False,0056.JPG.parsed.txt:37; 0060.JPG.parsed.txt:16
Consularem,2,Consulari,6,2,False,0057.JPG.parsed.txt:16; 0061.JPG.parsed.txt:25
torum,2,totum,6,1,False,0057.JPG.parsed.txt:20; 0061.JPG.parsed.txt:5
usque,1,atque,6,2,False,0057.JPG.parsed.txt:29
lares,1,partes,6,2,False,0057.JPG.parsed.txt:37
inscribit,1,inscripsit,6,2,False,0058.JPG.parsed.txt:10
sortes,1,partes,6,2,False,0058.JPG.parsed.txt:22
sana,1,bona,6,2,False,0059.JPG.parsed.txt:15
tanae,1,ante,6,2,False,0059.JPG.parsed.txt:35
labore,1,libere,6,2,False,0060.JPG.parsed.txt:2
plerea,1,Platea,6,2,False,0060.JPG.parsed.txt:7
Consulibus,1,Consularis,6,3,False,0060.JPG.parsed.txt:14
loca,1,bona,6,2,False,0060.JPG.parsed.txt:24
vone,1,bona,6,2,False,0060.JPG.parsed.txt:34
sine,1,sive,6,1,False,0060.JPG.parsed.txt:42
autor,1,autem,6,2,False,0061.JPG.parsed.txt:6
habere,2,libere,6,2,False,0061.JPG.parsed.txt:13; 0067.JPG.parsed.txt:11
nona,1,bona,6,1,False,0062.JPG.parsed.txt:2
consultis,1,Consularis,6,2,False,0062.JPG.parsed.txt:3
saltem,1,autem,6,2,False,0062.JPG.parsed.txt:16
liberam,1,libere,6,2,False,0062.JPG.parsed.txt:38
successionibus,1,successoribus,6,2,False,0062.JPG.parsed.txt:39
eamque,1,atque,6,2,False,0062.JPG.parsed.txt:40
antefa,1,ante,6,2,False,0063.JPG.parsed.txt:4
authore,1,Tutore,6,2,False,0063.JPG.parsed.txt:9
Consula,1,Consulari,6,2,False,0063.JPG.parsed.txt:32
testimonii,1,testimonium,6,2,False,0063.JPG.parsed.txt:34
wola,1,bona,6,2,False,0064.JPG.parsed.txt:11
Tutoris,1,Tutore,6,2,False,0064.JPG.parsed.txt:37
Donca,1,bona,6,2,False,0065.JPG.parsed.txt:10
Pana,2,bona,6,2,False,0065.JPG.parsed.txt:22; 0065.JPG.parsed.txt:31
Bozey,1,moiey,6,2,False,0065.JPG.parsed.txt:38
mieć,1,moiey,6,2,True,0066.JPG.parsed.txt:12
liberos,1,libere,6,2,False,0067.JPG.parsed.txt:14
tutor,1,Tutore,6,1,False,0067.JPG.parsed.txt:26
satisfactionem,1,satisfactione,6,1,False,0067.JPG.parsed.txt:29
Iucz,1,iure,6,2,True,0068.JPG.parsed.txt:5
eaque,1,atque,6,2,False,0068.JPG.parsed.txt:19
okna,1,bona,6,2,False,0069.JPG.parsed.txt:5
woda,1,bona,6,2,False,0069.JPG.parsed.txt:38
assumpti,1,assumptum,5,2,False,0005.JPG.parsed.txt:12
zonie,1,bonis,5,2,False,0005.JPG.parsed.txt:31
darem,1,eadem,5,2,False,0005.JPG.parsed.txt:33
żonie,1,bonis,5,2,True,0006.JPG.parsed.txt:3
Consulum,1,coniugum,5,2,False,0006.JPG.parsed.txt:16
Sophia,2,Sophiae,5,1,False,0006.JPG.parsed.txt:29; 0055.JPG.parsed.txt:7
eamdem,1,eadem,5,1,False,0006.JPG.parsed.txt:31
Petrum,1,Petrus,5,1,False,0007.JPG.parsed.txt:2
apud,1,opus,5,2,False,0007.JPG.parsed.txt:3
marcas,2,Mariae,5,2,False,0007.JPG.parsed.txt:4; 0007.JPG.parsed.txt:5
aresto,2,Festo,5,2,False,0007.JPG.parsed.txt:11; 0007.JPG.parsed.txt:15
Quietatio,2,quietauit,5,2,False,0007.JPG.parsed.txt:21; 0067.JPG.parsed.txt:23
secundarum,2,secunda,5,3,False,0007.JPG.parsed.txt:24; 0051.JPG.parsed.txt:17
maritum,2,mariti,5,2,False,0007.JPG.parsed.txt:25; 0051.JPG.parsed.txt:19
ctus,1,opus,5,2,False,0049.JPG.parsed.txt:25
domus,2,domu,5,1,False,0049.JPG.parsed.txt:33; 0049.JPG.parsed.txt:35
ctione,1,Ratione,5,2,False,0050.JPG.parsed.txt:3
scriptioni,1,inscriptionis,5,3,False,0050.JPG.parsed.txt:12
Festa,1,Festo,5,1,False,0050.JPG.parsed.txt:14
Bartel,1,parte,5,2,False,0050.JPG.parsed.txt:16
secun,1,secunda,5,2,False,0050.JPG.parsed.txt:23
Fasso,1,Festo,5,2,False,0050.JPG.parsed.txt:26
ginta,1,sita,5,2,False,0050.JPG.parsed.txt:28
realem,2,eadem,5,2,False,0050.JPG.parsed.txt:29; 0052.JPG.parsed.txt:14
sitam,2,sita,5,1,False,0050.JPG.parsed.txt:32; 0058.JPG.parsed.txt:13
nobis,2,bonis,5,2,False,0051.JPG.parsed.txt:10; 0061.JPG.parsed.txt:28
secundo,2,secunda,5,1,False,0052.JPG.parsed.txt:11; 0060.JPG.parsed.txt:18
Woynarz,1,Woynar,5,1,True,0052.JPG.parsed.txt:23
relictam,2,relicta,5,1,False,0052.JPG.parsed.txt:31; 0067.JPG.parsed.txt:13
proximum,2,proxime,5,2,False,0053.JPG.parsed.txt:18; 0061.JPG.parsed.txt:16
Quietacio,1,quietauit,5,2,False,0053.JPG.parsed.txt:21
Patrui,1,Petrus,5,2,False,0053.JPG.parsed.txt:24
actione,2,Ratione,5,2,False,0053.JPG.parsed.txt:38; 0054.JPG.parsed.txt:9
octo,1,ACTA,5,2,False,0054.JPG.parsed.txt:12
Festi,1,Festo,5,1,False,0055.JPG.parsed.txt:1
relictae,2,relicta,5,1,False,0055.JPG.parsed.txt:5; 0067.JPG.parsed.txt:27
viduae,2,vidua,5,1,False,0055.JPG.parsed.txt:5; 0068.JPG.parsed.txt:35
quietavit,1,quietauit,5,1,False,0055.JPG.parsed.txt:8
fecerit,2,fecit,5,2,False,0055.JPG.parsed.txt:34; 0058.JPG.parsed.txt:32
Zophia,1,Sophiae,5,2,False,0056.JPG.parsed.txt:2
assionis,1,cessionis,5,2,False,0056.JPG.parsed.txt:7
tione,1,Ratione,5,2,False,0056.JPG.parsed.txt:18
Dominorum,1,Dominum,5,2,False,0057.JPG.parsed.txt:20
plenariam,1,plenarie,5,2,False,0057.JPG.parsed.txt:29
Quiettatio,1,quietauit,5,3,False,0057.JPG.parsed.txt:31
festes,1,Festo,5,2,False,0057.JPG.parsed.txt:35
plenaria,1,plenarie,5,1,False,0058.JPG.parsed.txt:1
Ludo,1,modo,5,2,False,0058.JPG.parsed.txt:20
vsus,1,opus,5,2,False,0058.JPG.parsed.txt:21
seus,1,opus,5,2,False,0058.JPG.parsed.txt:32
Advocatiali,1,Advocati,5,3,False,0059.JPG.parsed.txt:20
amen,1,tamen,5,1,False,0059.JPG.parsed.txt:25
rationis,1,Ratione,5,2,False,0059.JPG.parsed.txt:31
vita,2,sita,5,1,False,0059.JPG.parsed.txt:38; 0060.JPG.parsed.txt:36
acsi,1,ACTA,5,2,False,0060.JPG.parsed.txt:9
acco,1,ACTA,5,2,False,0060.JPG.parsed.txt:10
modat,1,modo,5,2,False,0060.JPG.parsed.txt:11
rationem,1,Ratione,5,1,False,0060.JPG.parsed.txt:14
secundam,1,secunda,5,1,False,0060.JPG.parsed.txt:15
sionis,1,bonis,5,2,False,0060.JPG.parsed.txt:23
wody,1,modo,5,2,False,0060.JPG.parsed.txt:30
loci,2,locum,5,2,False,0060.JPG.parsed.txt:31; 0061.JPG.parsed.txt:33
locis,1,locum,5,2,False,0060.JPG.parsed.txt:31
usus,1,opus,5,2,False,0060.JPG.parsed.txt:32
coniugu,1,coniugum,5,1,False,0060.JPG.parsed.txt:35
Osnoski,1,Osmolski,5,2,False,0060.JPG.parsed.txt:39
cujus,1,cuius,5,1,False,0060.JPG.parsed.txt:41
Melchior,1,Melchioris,5,2,False,0061.JPG.parsed.txt:3
servatione,1,Ratione,5,3,False,0061.JPG.parsed.txt:9
Patris,2,Petrus,5,2,False,0061.JPG.parsed.txt:33; 0061.JPG.parsed.txt:34
socium,1,locum,5,2,False,0061.JPG.parsed.txt:35
professionem,2,possessionem,5,3,False,0062.JPG.parsed.txt:3; 0062.JPG.parsed.txt:34
locorum,1,locum,5,2,False,0062.JPG.parsed.txt:11
avia,1,ACTA,5,2,False,0062.JPG.parsed.txt:12
catione,1,Ratione,5,1,False,0062.JPG.parsed.txt:17
inscriptioni,1,inscriptionis,5,1,False,0062.JPG.parsed.txt:26
Eaem,1,eadem,5,1,False,0062.JPG.parsed.txt:30
scitu,1,sita,5,2,False,0062.JPG.parsed.txt:37
motus,1,opus,5,2,False,0063.JPG.parsed.txt:2
Fratrem,2,Frater,5,2,False,0063.JPG.parsed.txt:15; 0063.JPG.parsed.txt:16
Dominam,1,Dominum,5,1,False,0063.JPG.parsed.txt:16
occa,1,ACTA,5,2,False,0064.JPG.parsed.txt:29
viduam,1,vidua,5,1,False,0064.JPG.parsed.txt:35
Ista,1,ACTA,5,2,False,0065.JPG.parsed.txt:1
dauiae,1,Mariae,5,2,False,0065.JPG.parsed.txt:13
petens,1,Petrus,5,2,False,0065.JPG.parsed.txt:14
casus,1,cuius,5,2,False,0065.JPG.parsed.txt:15
Stanisławem,2,Stanislaum,5,3,True,0065.JPG.parsed.txt:33; 0065.JPG.parsed.txt:36
roku,1,domu,5,2,False,0065.JPG.parsed.txt:36
szwa,1,sita,5,2,True,0066.JPG.parsed.txt:2
bratem,1,Frater,5,2,False,0066.JPG.parsed.txt:3
stwa,1,sita,5,2,False,0066.JPG.parsed.txt:12
lecta,1,ACTA,5,2,False,0066.JPG.parsed.txt:20
testi,2,Festo,5,2,False,0066.JPG.parsed.txt:25; 0067.JPG.parsed.txt:7
tamten,1,tamen,5,1,False,0066.JPG.parsed.txt:35
affinium,1,Officium,5,2,False,0067.JPG.parsed.txt:4
monij,1,bonis,5,2,False,0067.JPG.parsed.txt:8
successionis,1,cessionis,5,3,False,0067.JPG.parsed.txt:16
proximo,1,proxime,5,1,False,0067.JPG.parsed.txt:21
sessionis,1,cessionis,5,1,False,0068.JPG.parsed.txt:16
cita,1,sita,5,1,False,0068.JPG.parsed.txt:16
Jacobo,2,Jacobi,4,1,False,0003.JPG.parsed.txt:10; 0053.JPG.parsed.txt:31
Alberto,1,Albertus,4,2,False,0003.JPG.parsed.txt:11
Wengr,1,TENOR,4,2,False,0003.JPG.parsed.txt:13
TARIO,1,tali,4,2,False,0003.JPG.parsed.txt:16
certum,1,centum,4,1,False,0005.JPG.parsed.txt:18
luntatem,1,voluntatem,4,2,False,0005.JPG.parsed.txt:19
tenore,2,TENOR,4,1,False,0005.JPG.parsed.txt:23; 0065.JPG.parsed.txt:18
mala,1,tali,4,2,False,0005.JPG.parsed.txt:31
nale,1,tali,4,2,False,0006.JPG.parsed.txt:5
dali,1,tali,4,1,False,0006.JPG.parsed.txt:8
ktorych,1,ktory,4,2,False,0006.JPG.parsed.txt:10
Dnorum,1,domum,4,2,False,0006.JPG.parsed.txt:16
hominibus,1,omnibus,4,2,False,0006.JPG.parsed.txt:22
voluntatis,2,voluntatem,4,2,False,0006.JPG.parsed.txt:28; 0059.JPG.parsed.txt:18
tribus,2,quibus,4,2,False,0007.JPG.parsed.txt:4; 0062.JPG.parsed.txt:36
curtum,1,centum,4,2,False,0007.JPG.parsed.txt:4
renos,1,TENOR,4,2,False,0007.JPG.parsed.txt:6
persolutos,1,persoluta,4,2,False,0007.JPG.parsed.txt:8
manibus,2,omnibus,4,2,False,0007.JPG.parsed.txt:12; 0058.JPG.parsed.txt:23
Magnifico,2,Magnifici,4,1,False,0007.JPG.parsed.txt:14; 0056.JPG.parsed.txt:37
coniuges,2,coniugem,4,1,False,0007.JPG.parsed.txt:24; 0060.JPG.parsed.txt:24
recognove,1,recognovit,4,2,False,0007.JPG.parsed.txt:26
runt,1,nunc,4,2,False,0007.JPG.parsed.txt:27
exnunc,2,nunc,4,2,False,0007.JPG.parsed.txt:34; 0053.JPG.parsed.txt:33
dilationis,1,dilationem,4,2,False,0049.JPG.parsed.txt:13
Regiae,2,Reginae,4,1,False,0049.JPG.parsed.txt:31; 0064.JPG.parsed.txt:19
posteri,1,nostri,4,2,False,0049.JPG.parsed.txt:34
propriis,1,propria,4,2,False,0050.JPG.parsed.txt:2
ventu,1,centum,4,2,False,0050.JPG.parsed.txt:10
teneri,2,TENOR,4,2,False,0050.JPG.parsed.txt:19; 0056.JPG.parsed.txt:6
contractam,1,contracti,4,2,False,0050.JPG.parsed.txt:25
cari,1,tali,4,2,False,0050.JPG.parsed.txt:32
iurisdictionis,1,Purificationis,4,4,False,0051.JPG.parsed.txt:8
ususfructus,2,usufructu,4,2,False,0051.JPG.parsed.txt:11; 0056.JPG.parsed.txt:26
quondam,1,Quoniam,4,1,False,0051.JPG.parsed.txt:16
legitima,1,legitimum,4,2,False,0051.JPG.parsed.txt:19
Antonio,2,Antonii,4,1,False,0051.JPG.parsed.txt:31; 0052.JPG.parsed.txt:9
Honorati,2,Honoratus,4,2,False,0051.JPG.parsed.txt:34; 0068.JPG.parsed.txt:28
benevo,2,benevole,4,2,False,0051.JPG.parsed.txt:37; 0059.JPG.parsed.txt:6
Pauli,1,tali,4,2,False,0052.JPG.parsed.txt:7
centorum,1,centum,4,2,False,0052.JPG.parsed.txt:13
Honoratorum,1,Honoratus,4,3,False,0052.JPG.parsed.txt:21
Antonius,1,Antonii,4,2,False,0052.JPG.parsed.txt:22
nostris,2,nostri,4,1,False,0052.JPG.parsed.txt:22; 0054.JPG.parsed.txt:37
Castri,2,nostri,4,2,False,0052.JPG.parsed.txt:27; 0065.JPG.parsed.txt:4
Consulem,1,coniugem,4,2,False,0052.JPG.parsed.txt:33
Fari,1,tali,4,2,False,0053.JPG.parsed.txt:24
persoluere,1,persoluta,4,3,False,0054.JPG.parsed.txt:12
instanti,2,instantiam,4,2,False,0054.JPG.parsed.txt:13; 0068.JPG.parsed.txt:20
legitimae,2,legitimum,4,2,False,0054.JPG.parsed.txt:29; 0064.JPG.parsed.txt:21
cedit,2,erit,4,2,False,0055.JPG.parsed.txt:3; 0057.JPG.parsed.txt:5
mati,1,tali,4,2,False,0055.JPG.parsed.txt:5
legitimorum,2,legitimum,4,2,False,0055.JPG.parsed.txt:6; 0058.JPG.parsed.txt:16
habi,1,tali,4,2,False,0055.JPG.parsed.txt:16
Plenipotentem,2,Plenipotens,4,3,False,0055.JPG.parsed.txt:29; 0066.JPG.parsed.txt:6
Honoratum,2,Honoratus,4,1,False,0055.JPG.parsed.txt:29; 0058.JPG.parsed.txt:28
Bygas,1,była,4,2,False,0056.JPG.parsed.txt:3
persoluturam,1,persoluta,4,3,False,0056.JPG.parsed.txt:11
riae,1,quae,4,2,False,0056.JPG.parsed.txt:15
Honoratem,1,Honoratus,4,2,False,0057.JPG.parsed.txt:16
dedit,2,erit,4,2,False,0057.JPG.parsed.txt:20; 0062.JPG.parsed.txt:15
Magnificus,1,Magnifici,4,2,False,0057.JPG.parsed.txt:27
Iudicio,1,Judicio,4,1,False,0057.JPG.parsed.txt:37
Dorotheae,2,Dorothea,4,1,False,0058.JPG.parsed.txt:4; 0059.JPG.parsed.txt:11
coniugis,2,coniugem,4,2,False,0058.JPG.parsed.txt:9; 0059.JPG.parsed.txt:12
omnimo,1,omnia,4,2,False,0058.JPG.parsed.txt:24
Alberti,2,Albertus,4,2,False,0059.JPG.parsed.txt:8; 0062.JPG.parsed.txt:6
erat,1,erit,4,1,False,0059.JPG.parsed.txt:9
Doroth,1,Dorothea,4,2,False,0059.JPG.parsed.txt:14
talis,1,tali,4,1,False,0059.JPG.parsed.txt:21
compos,1,domos,4,2,False,0059.JPG.parsed.txt:31
proprio,1,propria,4,1,False,0060.JPG.parsed.txt:2
mentem,1,centum,4,2,False,0060.JPG.parsed.txt:4
ergo,1,erga,4,1,False,0060.JPG.parsed.txt:8
integra,1,integre,4,1,False,0060.JPG.parsed.txt:17
talism,1,tali,4,2,False,0060.JPG.parsed.txt:37
hanc,1,nunc,4,2,False,0061.JPG.parsed.txt:4
fidelibus,1,fidelis,4,2,False,0061.JPG.parsed.txt:7
oribus,1,quibus,4,2,False,0061.JPG.parsed.txt:11
gerat,1,erit,4,2,False,0061.JPG.parsed.txt:12
Minorum,1,bonorum,4,2,False,0061.JPG.parsed.txt:26
Prouinciali,1,principali,4,3,False,0061.JPG.parsed.txt:31
Antonij,1,Antonii,4,1,False,0061.JPG.parsed.txt:34
uentus,1,centum,4,2,False,0061.JPG.parsed.txt:35
extra,1,intra,4,2,False,0062.JPG.parsed.txt:10
ferat,1,erit,4,2,False,0062.JPG.parsed.txt:34
proprijs,1,propria,4,2,False,0062.JPG.parsed.txt:39
donationem,1,dilationem,4,2,False,0062.JPG.parsed.txt:40
permit,1,erit,4,2,False,0063.JPG.parsed.txt:7
Robertus,1,Albertus,4,2,False,0063.JPG.parsed.txt:10
dotes,1,domos,4,2,False,0063.JPG.parsed.txt:11
Honoratam,1,Honoratus,4,2,False,0063.JPG.parsed.txt:15
tituli,1,titulo,4,1,False,0063.JPG.parsed.txt:31
reli,1,tali,4,2,False,0064.JPG.parsed.txt:18
Illumi,1,illud,4,2,False,0064.JPG.parsed.txt:19
legitimo,1,legitimum,4,2,False,0064.JPG.parsed.txt:35
contracto,1,contracti,4,1,False,0065.JPG.parsed.txt:9
nostra,1,nostro,4,1,False,0065.JPG.parsed.txt:18
Plenipotentią,1,Plenipotens,4,3,True,0065.JPG.parsed.txt:34
Iuli,1,tali,4,2,False,0065.JPG.parsed.txt:36
byli,2,tali,4,2,False,0066.JPG.parsed.txt:15; 0066.JPG.parsed.txt:31
Pintia,1,intra,4,2,False,0066.JPG.parsed.txt:17
Bernat,1,Bernt,4,1,False,0066.JPG.parsed.txt:22
monium,1,omnium,4,2,False,0066.JPG.parsed.txt:26
legitime,1,legitimum,4,2,False,0066.JPG.parsed.txt:26
scit,1,erit,4,2,False,0066.JPG.parsed.txt:28
Bern,1,Bernt,4,1,False,0066.JPG.parsed.txt:28
tenże,1,TENOR,4,2,True,0066.JPG.parsed.txt:34
Judicam,1,Judicio,4,2,False,0067.JPG.parsed.txt:14
Principalium,1,principali,4,2,False,0068.JPG.parsed.txt:11
Plenipotente,1,Plenipotens,4,2,False,0068.JPG.parsed.txt:12
ditionem,1,dilationem,4,2,False,0068.JPG.parsed.txt:22
fideli,1,fidelis,4,1,False,0068.JPG.parsed.txt:31
stantiam,1,instantiam,4,2,False,0068.JPG.parsed.txt:33
altera,1,Alteram,4,1,False,0068.JPG.parsed.txt:35
smarku,1,smak,4,2,False,0069.JPG.parsed.txt:6
ktorey,2,ktory,4,1,False,0069.JPG.parsed.txt:10; 0069.JPG.parsed.txt:21
tala,1,tali,4,1,False,0069.JPG.parsed.txt:15
miescem,1,miesce,4,1,False,0069.JPG.parsed.txt:16
miece,1,miesce,4,1,False,0069.JPG.parsed.txt:18
miesca,1,miesce,4,1,False,0069.JPG.parsed.txt:23
wrot,1,erit,4,2,False,0069.JPG.parsed.txt:34
tyle,1,tali,4,2,False,0069.JPG.parsed.txt:38
SENIORIBUS,1,temporibus,3,3,False,0003.JPG.parsed.txt:8
Andrea,2,Andreas,3,1,False,0003.JPG.parsed.txt:11; 0003.JPG.parsed.txt:15
Gulinsski,1,Gulinski,3,1,False,0003.JPG.parsed.txt:13
Scabinus,1,Scabinum,3,1,False,0005.JPG.parsed.txt:8
Matias,1,alias,3,2,False,0005.JPG.parsed.txt:11
illo,1,illa,3,1,False,0005.JPG.parsed.txt:12
fidelem,1,fidem,3,2,False,0005.JPG.parsed.txt:13
ultimamque,1,ultimam,3,3,False,0005.JPG.parsed.txt:21
laski,1,Lanii,3,2,False,0005.JPG.parsed.txt:27
dobrze,2,gorze,3,2,True,0005.JPG.parsed.txt:28; 0006.JPG.parsed.txt:1
smierc,1,smierci,3,1,False,0005.JPG.parsed.txt:30
moie,1,more,3,1,False,0005.JPG.parsed.txt:30
wiela,1,illa,3,2,False,0005.JPG.parsed.txt:32
testamentem,2,Testamentum,3,1,False,0005.JPG.parsed.txt:33; 0064.JPG.parsed.txt:7
ktore,2,ktora,3,1,False,0005.JPG.parsed.txt:34; 0006.JPG.parsed.txt:2
czasy,2,czas,3,1,True,0006.JPG.parsed.txt:2; 0065.JPG.parsed.txt:33
kędy,1,tedy,3,2,True,0006.JPG.parsed.txt:3
tędy,2,tedy,3,1,True,0006.JPG.parsed.txt:3; 0006.JPG.parsed.txt:8
mnie,2,more,3,2,False,0006.JPG.parsed.txt:5; 0064.JPG.parsed.txt:4
Panow,1,Panem,3,2,False,0006.JPG.parsed.txt:10
tego,2,iego,3,1,False,0006.JPG.parsed.txt:10; 0066.JPG.parsed.txt:7
kogo,1,toto,3,2,False,0006.JPG.parsed.txt:11
zami,1,nami,3,1,False,0006.JPG.parsed.txt:11
sentio,1,sexto,3,2,False,0006.JPG.parsed.txt:17
certis,2,certi,3,1,False,0006.JPG.parsed.txt:21; 0060.JPG.parsed.txt:4
munus,1,huius,3,2,False,0006.JPG.parsed.txt:24
praemissi,1,praemisso,3,1,False,0006.JPG.parsed.txt:25
relationi,2,relationem,3,2,False,0006.JPG.parsed.txt:28; 0068.JPG.parsed.txt:31
ultimae,2,ultimam,3,1,False,0006.JPG.parsed.txt:28; 0059.JPG.parsed.txt:18
Chri,1,veri,3,2,False,0006.JPG.parsed.txt:29
Famulus,2,famulum,3,1,False,0006.JPG.parsed.txt:35; 0007.JPG.parsed.txt:7
Andreae,2,Andreas,3,1,False,0006.JPG.parsed.txt:38; 0055.JPG.parsed.txt:1
heri,2,veri,3,1,False,0007.JPG.parsed.txt:1; 0066.JPG.parsed.txt:25
citatum,2,citatus,3,1,False,0007.JPG.parsed.txt:2; 0054.JPG.parsed.txt:2
certae,2,certa,3,1,False,0007.JPG.parsed.txt:3; 0056.JPG.parsed.txt:7
decem,2,debet,3,2,False,0007.JPG.parsed.txt:6; 0051.JPG.parsed.txt:1
Memoratus,1,memorata,3,2,False,0007.JPG.parsed.txt:9
decre,1,debere,3,2,False,0007.JPG.parsed.txt:15
vltimae,1,ultimam,3,2,False,0007.JPG.parsed.txt:28
Famoto,1,facto,3,2,False,0049.JPG.parsed.txt:2
Joanni,1,Joanne,3,1,False,0049.JPG.parsed.txt:2
parata,2,rata,3,2,False,0049.JPG.parsed.txt:5; 0056.JPG.parsed.txt:11
aliis,2,alias,3,1,False,0049.JPG.parsed.txt:5; 0062.JPG.parsed.txt:35
ratis,2,rata,3,2,False,0049.JPG.parsed.txt:6; 0056.JPG.parsed.txt:12
Beati,1,certi,3,2,False,0049.JPG.parsed.txt:7
adiecta,2,dicta,3,2,False,0049.JPG.parsed.txt:12; 0056.JPG.parsed.txt:18
ratam,2,rata,3,1,False,0049.JPG.parsed.txt:12; 0056.JPG.parsed.txt:13
stato,1,toto,3,2,False,0049.JPG.parsed.txt:13
morae,1,more,3,1,False,0049.JPG.parsed.txt:13
tromissione,1,intromissionem,3,3,False,0049.JPG.parsed.txt:20
citato,2,citatus,3,2,False,0049.JPG.parsed.txt:22; 0054.JPG.parsed.txt:9
praesentem,1,praesenti,3,2,False,0049.JPG.parsed.txt:26
ullis,2,illius,3,2,False,0049.JPG.parsed.txt:27; 0056.JPG.parsed.txt:12
facti,1,facto,3,1,False,0049.JPG.parsed.txt:28
expresse,1,expressum,3,2,False,0049.JPG.parsed.txt:30
ultimo,1,ultimam,3,2,False,0049.JPG.parsed.txt:30
Sacrae,2,Sanctae,3,2,False,0049.JPG.parsed.txt:31; 0064.JPG.parsed.txt:19
solutionem,2,relationem,3,3,False,0049.JPG.parsed.txt:32; 0053.JPG.parsed.txt:13
status,1,citatus,3,2,False,0049.JPG.parsed.txt:36
promittendo,1,Promittens,3,2,False,0050.JPG.parsed.txt:4
damni,1,nami,3,2,False,0050.JPG.parsed.txt:4
sorte,2,more,3,2,False,0050.JPG.parsed.txt:6; 0056.JPG.parsed.txt:21
ultimas,1,ultimam,3,1,False,0050.JPG.parsed.txt:21
Flore,1,more,3,2,False,0050.JPG.parsed.txt:21
norum,2,eorum,3,1,False,0050.JPG.parsed.txt:22; 0063.JPG.parsed.txt:26
legitimis,1,legittimis,3,1,False,0050.JPG.parsed.txt:27
sorti,1,certi,3,2,False,0050.JPG.parsed.txt:30
Zozulinski,1,Gulinski,3,3,False,0050.JPG.parsed.txt:31
monte,1,more,3,2,False,0050.JPG.parsed.txt:31
essent,1,esset,3,1,False,0051.JPG.parsed.txt:1
locare,1,Lucae,3,2,False,0051.JPG.parsed.txt:2
creditorum,1,Creditor,3,2,False,0051.JPG.parsed.txt:6
tueri,1,veri,3,2,False,0051.JPG.parsed.txt:7
ratus,1,rata,3,2,False,0051.JPG.parsed.txt:8
Bres,1,Abrek,3,2,False,0051.JPG.parsed.txt:9
Christophori,1,Christophorum,3,2,False,0051.JPG.parsed.txt:17
Petri,1,veri,3,2,False,0051.JPG.parsed.txt:18
Christophoro,2,Christophorum,3,2,False,0051.JPG.parsed.txt:22; 0051.JPG.parsed.txt:23
fato,1,facto,3,1,False,0051.JPG.parsed.txt:25
Honestum,2,Honestam,3,1,False,0051.JPG.parsed.txt:28; 0066.JPG.parsed.txt:30
Fracko,1,facto,3,2,False,0051.JPG.parsed.txt:31
Ordinarius,2,Ordinarii,3,2,False,0051.JPG.parsed.txt:35; 0068.JPG.parsed.txt:29
Scabini,2,Scabinum,3,2,False,0051.JPG.parsed.txt:36; 0068.JPG.parsed.txt:30
relationis,2,relationem,3,2,False,0051.JPG.parsed.txt:37; 0059.JPG.parsed.txt:6
Lucam,1,Lucae,3,1,False,0052.JPG.parsed.txt:8
Felici,2,Felicis,3,1,False,0052.JPG.parsed.txt:9; 0052.JPG.parsed.txt:12
factae,1,facta,3,1,False,0052.JPG.parsed.txt:11
Collegae,2,Collega,3,1,False,0052.JPG.parsed.txt:17; 0067.JPG.parsed.txt:3
concessione,2,possessione,3,3,False,0052.JPG.parsed.txt:18; 0063.JPG.parsed.txt:9
adesset,1,esset,3,2,False,0052.JPG.parsed.txt:19
Annam,2,Anna,3,1,False,0052.JPG.parsed.txt:30; 0067.JPG.parsed.txt:12
dicto,2,dicti,3,1,False,0052.JPG.parsed.txt:32; 0067.JPG.parsed.txt:33
fratre,1,ratae,3,2,False,0052.JPG.parsed.txt:32
Joan,1,Joanne,3,2,False,0052.JPG.parsed.txt:34
relatione,2,relationem,3,1,False,0052.JPG.parsed.txt:35; 0061.JPG.parsed.txt:2
citatos,2,citatus,3,1,False,0053.JPG.parsed.txt:1; 0066.JPG.parsed.txt:26
debuit,1,debet,3,2,False,0053.JPG.parsed.txt:5
Luca,1,Lucae,3,1,False,0053.JPG.parsed.txt:6
centos,1,certo,3,2,False,0053.JPG.parsed.txt:7
duabus,2,duas,3,2,False,0053.JPG.parsed.txt:7; 0056.JPG.parsed.txt:12
solutionis,1,donationis,3,3,False,0053.JPG.parsed.txt:14
Fusus,1,huius,3,2,False,0053.JPG.parsed.txt:15
fore,1,more,3,1,False,0053.JPG.parsed.txt:15
citati,1,citatus,3,2,False,0053.JPG.parsed.txt:16
tens,1,tedy,3,2,False,0053.JPG.parsed.txt:19
citationis,1,donationis,3,3,False,0053.JPG.parsed.txt:19
Lucie,1,Lucae,3,1,False,0053.JPG.parsed.txt:24
Ciuem,1,Civem,3,1,False,0053.JPG.parsed.txt:28
annua,1,Anna,3,1,False,0053.JPG.parsed.txt:29
prouenientibus,1,praesentibus,3,4,False,0053.JPG.parsed.txt:30
ferri,1,veri,3,2,False,0053.JPG.parsed.txt:33
Fauto,1,facto,3,1,False,0053.JPG.parsed.txt:36
manum,2,Panem,3,2,False,0054.JPG.parsed.txt:5; 0064.JPG.parsed.txt:24
movet,1,more,3,2,False,0054.JPG.parsed.txt:6
Registro,1,Magistro,3,2,False,0054.JPG.parsed.txt:7
norem,1,more,3,2,False,0054.JPG.parsed.txt:8
uata,1,data,3,1,False,0054.JPG.parsed.txt:9
sexta,2,sexto,3,1,False,0054.JPG.parsed.txt:14; 0057.JPG.parsed.txt:2
Bigosowa,1,Bigossowa,3,1,False,0054.JPG.parsed.txt:22
filius,2,illius,3,2,False,0054.JPG.parsed.txt:29; 0061.JPG.parsed.txt:30
certam,1,certa,3,1,False,0054.JPG.parsed.txt:31
Bigosowska,1,Bigossowa,3,3,False,0054.JPG.parsed.txt:32
Bigo,1,iego,3,2,False,0055.JPG.parsed.txt:7
omni,2,omne,3,1,False,0055.JPG.parsed.txt:10; 0058.JPG.parsed.txt:20
minio,1,misit,3,2,False,0055.JPG.parsed.txt:11
potuit,1,Petiit,3,2,False,0055.JPG.parsed.txt:17
crediti,1,Creditor,3,2,False,0055.JPG.parsed.txt:20
quovis,1,quos,3,2,False,0055.JPG.parsed.txt:20
priis,1,Wrais,3,2,False,0055.JPG.parsed.txt:24
memoratae,2,memorata,3,1,False,0055.JPG.parsed.txt:25; 0060.JPG.parsed.txt:11
ordinavit,1,Ordinarii,3,2,False,0055.JPG.parsed.txt:28
inde,1,ideo,3,2,False,0055.JPG.parsed.txt:28
Simo,1,xima,3,2,False,0055.JPG.parsed.txt:29
rato,2,rata,3,1,False,0055.JPG.parsed.txt:32; 0058.JPG.parsed.txt:30
Bygossowa,1,Bigossowa,3,1,False,0056.JPG.parsed.txt:2
Lanium,1,Lanii,3,2,False,0056.JPG.parsed.txt:4
Bygossowska,1,Bigossowa,3,3,False,0056.JPG.parsed.txt:8
Nicolao,2,Nicolai,3,1,False,0056.JPG.parsed.txt:9; 0056.JPG.parsed.txt:22
quisita,1,quinta,3,2,False,0056.JPG.parsed.txt:23
intromissione,1,intromissionem,3,1,False,0056.JPG.parsed.txt:23
tota,1,toto,3,1,False,0056.JPG.parsed.txt:25
habens,2,habeat,3,2,False,0056.JPG.parsed.txt:34; 0061.JPG.parsed.txt:30
millium,1,illius,3,2,False,0056.JPG.parsed.txt:37
quantumcunque,1,quandocunque,3,3,False,0057.JPG.parsed.txt:4
qualecunque,1,quandocunque,3,3,False,0057.JPG.parsed.txt:4
supradictam,1,praedictam,3,3,False,0057.JPG.parsed.txt:13
nislaum,1,Nicolaum,3,2,False,0057.JPG.parsed.txt:15
Andream,1,Andreas,3,1,False,0057.JPG.parsed.txt:16
fieri,2,veri,3,2,False,0057.JPG.parsed.txt:17; 0059.JPG.parsed.txt:37
Dictus,1,dicti,3,2,False,0057.JPG.parsed.txt:21
ipsum,1,ipso,3,2,False,0057.JPG.parsed.txt:24
datus,1,data,3,2,False,0057.JPG.parsed.txt:37
praesentibusque,1,praesentibus,3,3,False,0058.JPG.parsed.txt:10
trans,1,Wrais,3,2,False,0058.JPG.parsed.txt:10
cedere,1,debere,3,2,False,0058.JPG.parsed.txt:11
Hippo,1,ipso,3,2,False,0058.JPG.parsed.txt:15
quando,1,quinto,3,2,False,0058.JPG.parsed.txt:29
cunque,1,quinque,3,2,False,0058.JPG.parsed.txt:30
grato,1,rata,3,2,False,0058.JPG.parsed.txt:31
aliati,1,alias,3,2,False,0059.JPG.parsed.txt:5
vocatus,1,Advocatus,3,2,False,0059.JPG.parsed.txt:9
Scabinis,1,Scabinum,3,2,False,0059.JPG.parsed.txt:13
Jeratis,1,Jurati,3,2,False,0059.JPG.parsed.txt:13
aediit,1,Petiit,3,2,False,0059.JPG.parsed.txt:14
verbis,1,veri,3,2,False,0059.JPG.parsed.txt:18
Testamentorum,2,Testamentum,3,2,False,0059.JPG.parsed.txt:19; 0061.JPG.parsed.txt:1
magna,2,Anna,3,2,False,0059.JPG.parsed.txt:26; 0061.JPG.parsed.txt:26
maiore,1,more,3,2,False,0059.JPG.parsed.txt:29
filia,2,illa,3,2,False,0059.JPG.parsed.txt:30; 0060.JPG.parsed.txt:9
praemissa,1,praemisso,3,1,False,0059.JPG.parsed.txt:32
morti,1,more,3,2,False,0059.JPG.parsed.txt:38
certius,1,certi,3,2,False,0059.JPG.parsed.txt:38
praesertim,1,praesenti,3,2,False,0060.JPG.parsed.txt:7
morbo,1,more,3,2,False,0060.JPG.parsed.txt:9
morte,1,more,3,1,False,0060.JPG.parsed.txt:16
refusionem,1,relationem,3,3,False,0060.JPG.parsed.txt:25
penes,2,Panem,3,2,False,0060.JPG.parsed.txt:27; 0068.JPG.parsed.txt:37
dole,1,more,3,2,False,0060.JPG.parsed.txt:28
izbka,1,izby,3,2,False,0060.JPG.parsed.txt:29
gurze,1,gorze,3,1,True,0060.JPG.parsed.txt:29
guoze,1,gorze,3,2,False,0060.JPG.parsed.txt:30
komora,1,ktora,3,2,False,0060.JPG.parsed.txt:30
succesores,1,successores,3,1,False,0060.JPG.parsed.txt:32
ipsos,1,ipso,3,1,False,0060.JPG.parsed.txt:38
rege,1,iego,3,2,False,0060.JPG.parsed.txt:38
sentia,1,tertia,3,2,False,0060.JPG.parsed.txt:39
Dati,1,data,3,1,False,0060.JPG.parsed.txt:39
expressa,1,expressum,3,2,False,0060.JPG.parsed.txt:41
exomne,1,omne,3,2,False,0060.JPG.parsed.txt:41
vlla,1,illa,3,1,False,0060.JPG.parsed.txt:42
relaxatione,1,relationem,3,3,False,0060.JPG.parsed.txt:42
revocatione,1,evictione,3,3,False,0060.JPG.parsed.txt:42
quorum,1,suorum,3,1,False,0060.JPG.parsed.txt:43
appressum,1,expressum,3,2,False,0060.JPG.parsed.txt:44
inserta,2,inseri,3,2,False,0061.JPG.parsed.txt:2; 0066.JPG.parsed.txt:21
gratam,1,rata,3,2,False,0061.JPG.parsed.txt:9
Jurad,1,quoad,3,2,False,0061.JPG.parsed.txt:12
legati,1,legatum,3,2,False,0061.JPG.parsed.txt:15
petijt,1,Petiit,3,1,False,0061.JPG.parsed.txt:15
Jurat,1,Jurati,3,1,False,0061.JPG.parsed.txt:20
nostram,1,nostrum,3,1,False,0061.JPG.parsed.txt:25
Praedicator,1,praedicto,3,2,False,0061.JPG.parsed.txt:28
Honestorum,1,Honestam,3,3,False,0061.JPG.parsed.txt:29
Annae,2,Anna,3,1,False,0061.JPG.parsed.txt:29; 0067.JPG.parsed.txt:5
Patre,1,ratae,3,2,False,0061.JPG.parsed.txt:31
Ministro,1,Magistro,3,2,False,0061.JPG.parsed.txt:31
tentia,1,tertia,3,1,False,0061.JPG.parsed.txt:34
rogatum,1,legatum,3,2,False,0061.JPG.parsed.txt:36
religionem,1,relationem,3,2,False,0061.JPG.parsed.txt:40
animi,1,nami,3,2,False,0062.JPG.parsed.txt:4
motu,1,more,3,2,False,0062.JPG.parsed.txt:5
successiones,1,successores,3,2,False,0062.JPG.parsed.txt:8
quascunque,2,quandocunque,3,3,False,0062.JPG.parsed.txt:9; 0062.JPG.parsed.txt:13
fatam,1,data,3,2,False,0062.JPG.parsed.txt:11
cessit,1,esset,3,2,False,0062.JPG.parsed.txt:16
memorato,1,memorata,3,1,False,0062.JPG.parsed.txt:17
ipsa,1,ipso,3,1,False,0062.JPG.parsed.txt:22
quouis,1,quos,3,2,False,0062.JPG.parsed.txt:23
fide,2,fidem,3,1,False,0062.JPG.parsed.txt:24; 0063.JPG.parsed.txt:5
probationis,2,donationis,3,3,False,0062.JPG.parsed.txt:33; 0062.JPG.parsed.txt:35
magistri,1,Magistro,3,1,False,0062.JPG.parsed.txt:36
alienationem,1,quietationem,3,3,False,0062.JPG.parsed.txt:40
dictae,1,dicta,3,1,False,0063.JPG.parsed.txt:1
ille,1,illa,3,1,False,0063.JPG.parsed.txt:2
quoque,1,quinque,3,2,False,0063.JPG.parsed.txt:3
habeant,1,habeat,3,1,False,0063.JPG.parsed.txt:5
Promittentes,1,Promittens,3,2,False,0063.JPG.parsed.txt:17
rati,1,rata,3,1,False,0063.JPG.parsed.txt:17
muros,1,quos,3,2,False,0063.JPG.parsed.txt:31
moiu,1,more,3,2,False,0063.JPG.parsed.txt:33
moru,1,more,3,1,False,0064.JPG.parsed.txt:2
egressum,1,expressum,3,2,False,0064.JPG.parsed.txt:21
levem,1,Civem,3,2,False,0064.JPG.parsed.txt:25
forte,1,more,3,2,False,0064.JPG.parsed.txt:26
illi,2,illa,3,1,False,0064.JPG.parsed.txt:27; 0066.JPG.parsed.txt:28
lemniter,1,solemniter,3,2,False,0064.JPG.parsed.txt:33
ficio,1,facto,3,2,False,0065.JPG.parsed.txt:4
villa,1,illa,3,1,False,0065.JPG.parsed.txt:5
gillo,1,illa,3,2,False,0065.JPG.parsed.txt:7
natam,1,data,3,2,False,0065.JPG.parsed.txt:8
praedictum,1,praedictam,3,1,False,0065.JPG.parsed.txt:13
Leopoliensum,1,Leopoliensem,3,1,False,0065.JPG.parsed.txt:13
collatam,1,Collegam,3,2,False,0065.JPG.parsed.txt:14
ritatis,1,citatus,3,2,False,0065.JPG.parsed.txt:15
legi,1,veri,3,2,False,0065.JPG.parsed.txt:15
petitionem,1,relationem,3,3,False,0065.JPG.parsed.txt:17
Stanisław,2,Stanislao,3,2,True,0065.JPG.parsed.txt:26; 0066.JPG.parsed.txt:10
Panu,1,Panem,3,2,False,0065.JPG.parsed.txt:27
dłog,1,Dług,3,1,True,0065.JPG.parsed.txt:28
potym,2,potom,3,1,False,0065.JPG.parsed.txt:29; 0066.JPG.parsed.txt:9
kowie,1,sobie,3,2,False,0065.JPG.parsed.txt:32
dana,1,data,3,1,False,0065.JPG.parsed.txt:38
dzie,2,będzie,3,2,True,0065.JPG.parsed.txt:38; 0066.JPG.parsed.txt:13
Radą,1,rata,3,2,True,0066.JPG.parsed.txt:2
nego,1,iego,3,1,False,0066.JPG.parsed.txt:4
Stanisława,1,Stanislao,3,3,True,0066.JPG.parsed.txt:4
według,1,Dług,3,2,True,0066.JPG.parsed.txt:5
niego,1,iego,3,1,False,0066.JPG.parsed.txt:5
danej,1,Panem,3,2,False,0066.JPG.parsed.txt:5
Brata,1,rata,3,1,False,0066.JPG.parsed.txt:7
gdzie,1,będzie,3,2,True,0066.JPG.parsed.txt:9
czym,1,czas,3,2,True,0066.JPG.parsed.txt:15
Paweł,1,Panem,3,2,True,0066.JPG.parsed.txt:16
Szembel,1,semel,3,2,True,0066.JPG.parsed.txt:16
Lukas,1,duas,3,2,False,0066.JPG.parsed.txt:16
Datum,1,data,3,2,False,0066.JPG.parsed.txt:17
Famosum,1,famulum,3,2,False,0066.JPG.parsed.txt:24
obie,1,sobie,3,1,False,0066.JPG.parsed.txt:35
erectionem,1,evictione,3,3,False,0066.JPG.parsed.txt:37
duorum,1,suorum,3,1,False,0066.JPG.parsed.txt:37
citata,1,citatus,3,2,False,0067.JPG.parsed.txt:6
memoria,1,memorata,3,2,False,0067.JPG.parsed.txt:11
Idictam,1,dicta,3,2,False,0067.JPG.parsed.txt:11
Lami,1,nami,3,1,False,0067.JPG.parsed.txt:12
Lukaszewic,1,Lukaszewicz,3,1,True,0067.JPG.parsed.txt:23
Colle,1,Collega,3,2,False,0067.JPG.parsed.txt:25
mille,2,illa,3,2,False,0067.JPG.parsed.txt:30; 0068.JPG.parsed.txt:1
Leopoliensiem,1,Leopoliensem,3,1,False,0067.JPG.parsed.txt:32
robore,1,roboris,3,2,False,0068.JPG.parsed.txt:2
ratas,1,rata,3,1,False,0068.JPG.parsed.txt:3
termi,1,veri,3,2,False,0068.JPG.parsed.txt:10
termino,1,tertio,3,2,False,0068.JPG.parsed.txt:18
PRIMA,1,xima,3,2,False,0069.JPG.parsed.txt:3
iedno,2,ideo,3,2,False,0069.JPG.parsed.txt:5; 0069.JPG.parsed.txt:23
wolne,2,omne,3,2,False,0069.JPG.parsed.txt:7; 0069.JPG.parsed.txt:21
cwierci,1,smierci,3,2,False,0069.JPG.parsed.txt:8
pieca,1,Circa,3,2,False,0069.JPG.parsed.txt:8
Pulkomnaty,2,komnaty,3,3,False,0069.JPG.parsed.txt:8; 0069.JPG.parsed.txt:10
izbą,2,izby,3,1,True,0069.JPG.parsed.txt:9; 0069.JPG.parsed.txt:18
ganek,2,Panem,3,2,False,0069.JPG.parsed.txt:10; 0069.JPG.parsed.txt:22
browarem,1,browar,3,2,False,0069.JPG.parsed.txt:14
oknem,1,omne,3,2,False,0069.JPG.parsed.txt:19
izdeb,1,ideo,3,2,False,0069.JPG.parsed.txt:22
szyie,1,sobie,3,2,True,0069.JPG.parsed.txt:23
sadzie,2,będzie,3,2,True,0069.JPG.parsed.txt:23; 0069.JPG.parsed.txt:34
browaru,1,browar,3,1,False,0069.JPG.parsed.txt:24
okny,1,omne,3,2,False,0069.JPG.parsed.txt:24
idzie,2,będzie,3,2,True,0069.JPG.parsed.txt:25; 0069.JPG.parsed.txt:31
murze,1,more,3,2,True,0069.JPG.parsed.txt:26
czesci,1,części,3,2,True,0069.JPG.parsed.txt:27
strych,2,Strach,3,1,False,0069.JPG.parsed.txt:31; 0069.JPG.parsed.txt:32
wsobie,1,sobie,3,1,False,0069.JPG.parsed.txt:35
piwa,1,xima,3,2,False,0069.JPG.parsed.txt:38
