spelling,count,looks_polish,locations
ADVOCATIALIS,2,False,0004.JPG.parsed.txt:2; 0060.JPG.parsed.txt:44
Aaron,1,False,0065.JPG.parsed.txt:38
Aarone,1,False,0065.JPG.parsed.txt:12
Abiskowic,1,False,0056.JPG.parsed.txt:22
Abrekowa,1,False,0064.JPG.parsed.txt:17
Abretowej,1,False,0064.JPG.parsed.txt:15
Abrico,1,False,0054.JPG.parsed.txt:27
Abrikowic,1,False,0054.JPG.parsed.txt:25
Accessit,1,False,0059.JPG.parsed.txt:12
Acolutis,1,False,0059.JPG.parsed.txt:34
Actori,1,False,0054.JPG.parsed.txt:11
Adierunt,1,False,0005.JPG.parsed.txt:20
Admisimus,1,False,0051.JPG.parsed.txt:11
Adventum,1,False,0068.JPG.parsed.txt:14
Ambrosij,1,False,0007.JPG.parsed.txt:21
Anastasiam,1,False,0050.JPG.parsed.txt:9
Anserini,1,False,0052.JPG.parsed.txt:17
Anserino,1,False,0003.JPG.parsed.txt:12
Anserinum,1,False,0052.JPG.parsed.txt:33
Anserinus,1,False,0067.JPG.parsed.txt:25
Apostoli,1,False,0055.JPG.parsed.txt:1
Aprilis,1,False,0062.JPG.parsed.txt:2
Assumptionis,2,False,0049.JPG.parsed.txt:10; 0056.JPG.parsed.txt:14
Augusti,2,False,0065.JPG.parsed.txt:6; 0065.JPG.parsed.txt:21
Awierka,1,False,0065.JPG.parsed.txt:25
Babiczowska,1,True,0049.JPG.parsed.txt:19
Balcerko,1,False,0005.JPG.parsed.txt:14
Balcerowit,1,False,0005.JPG.parsed.txt:26
Balcertowic,1,False,0005.JPG.parsed.txt:5
Bannito,1,False,0058.JPG.parsed.txt:29
Baptisti,1,False,0053.JPG.parsed.txt:10
Barbarae,2,False,0052.JPG.parsed.txt:28; 0052.JPG.parsed.txt:34
Bartholomaeo,1,False,0050.JPG.parsed.txt:22
Bartholomeo,1,False,0050.JPG.parsed.txt:26
Bartholomeum,1,False,0006.JPG.parsed.txt:31
Bartholomeus,2,False,0005.JPG.parsed.txt:10; 0006.JPG.parsed.txt:17
Bartolsztolcz,1,True,0051.JPG.parsed.txt:1
Bednarz,1,True,0005.JPG.parsed.txt:26
Berłada,1,True,0065.JPG.parsed.txt:27
Bierłada,1,True,0065.JPG.parsed.txt:25
Bigos,1,False,0055.JPG.parsed.txt:5
Borkowic,1,False,0067.JPG.parsed.txt:8
Buczat,1,True,0056.JPG.parsed.txt:38
Buczek,1,True,0063.JPG.parsed.txt:30
CONSVLA,1,False,0003.JPG.parsed.txt:2
CONSVLIBVS,1,False,0003.JPG.parsed.txt:6
Caelum,2,False,0049.JPG.parsed.txt:10; 0056.JPG.parsed.txt:14
Caeterum,1,False,0055.JPG.parsed.txt:24
Calvariae,1,False,0050.JPG.parsed.txt:31
Capitaneo,2,False,0057.JPG.parsed.txt:1; 0057.JPG.parsed.txt:6
Capitu,1,False,0062.JPG.parsed.txt:17
Carnarzle,1,True,0006.JPG.parsed.txt:36
Casparo,2,False,0003.JPG.parsed.txt:13; 0003.JPG.parsed.txt:14
Catharinae,2,False,0050.JPG.parsed.txt:24; 0062.JPG.parsed.txt:25
Catheri,1,False,0058.JPG.parsed.txt:13
Catherina,1,False,0067.JPG.parsed.txt:14
Catherinae,1,False,0058.JPG.parsed.txt:9
Cessio,1,False,0058.JPG.parsed.txt:6
Chelmensis,1,False,0062.JPG.parsed.txt:7
Chełm,1,True,0062.JPG.parsed.txt:11
Ciosłozimi,1,True,0069.JPG.parsed.txt:15
Circumcisionis,2,False,0005.JPG.parsed.txt:2; 0007.JPG.parsed.txt:19
Coemiterium,1,False,0059.JPG.parsed.txt:29
Confessarij,1,False,0061.JPG.parsed.txt:35
Confratre,1,False,0062.JPG.parsed.txt:30
Consu,1,False,0057.JPG.parsed.txt:36
Consul,1,False,0063.JPG.parsed.txt:28
Conuentu,1,False,0061.JPG.parsed.txt:27
Craco,1,False,0058.JPG.parsed.txt:28
Cracouiae,1,False,0058.JPG.parsed.txt:29
Cracoviensem,1,False,0054.JPG.parsed.txt:1
Cracoviensi,2,False,0050.JPG.parsed.txt:22; 0058.JPG.parsed.txt:13
Cracoviensis,2,False,0052.JPG.parsed.txt:2; 0058.JPG.parsed.txt:16
Crucis,1,False,0063.JPG.parsed.txt:31
Custodis,1,False,0061.JPG.parsed.txt:33
Custos,1,False,0064.JPG.parsed.txt:4
Custosie,1,False,0064.JPG.parsed.txt:11
Cyragraf,1,False,0065.JPG.parsed.txt:30
Czasłoia,1,True,0066.JPG.parsed.txt:17
Czerwonogro,1,True,0056.JPG.parsed.txt:38
Dambrowski,2,False,0066.JPG.parsed.txt:24; 0066.JPG.parsed.txt:30
Decano,1,False,0054.JPG.parsed.txt:34
Decidit,1,False,0056.JPG.parsed.txt:26
Decreto,2,False,0006.JPG.parsed.txt:37; 0049.JPG.parsed.txt:30
Decretum,2,False,0053.JPG.parsed.txt:36; 0054.JPG.parsed.txt:13
Denique,1,False,0050.JPG.parsed.txt:7
Diboviciam,1,False,0057.JPG.parsed.txt:15
Dibovicius,1,False,0057.JPG.parsed.txt:36
Divisio,1,False,0068.JPG.parsed.txt:26
Dobrzenie,1,True,0069.JPG.parsed.txt:14
Doctor,1,False,0057.JPG.parsed.txt:36
Doctore,1,False,0003.JPG.parsed.txt:12
Doctorem,2,False,0057.JPG.parsed.txt:15; 0058.JPG.parsed.txt:2
Doctoris,1,False,0057.JPG.parsed.txt:31
Doliator,1,False,0005.JPG.parsed.txt:15
Doliatore,1,False,0007.JPG.parsed.txt:31
Domaszewski,1,True,0052.JPG.parsed.txt:25
Dominicam,2,False,0050.JPG.parsed.txt:10; 0063.JPG.parsed.txt:23
Donatores,1,False,0060.JPG.parsed.txt:38
Drzwowka,1,True,0060.JPG.parsed.txt:31
Durschurzciborowa,1,True,0059.JPG.parsed.txt:1
Działo,1,True,0065.JPG.parsed.txt:21
Ecclesia,1,False,0063.JPG.parsed.txt:25
Ecclesiae,2,False,0059.JPG.parsed.txt:14; 0059.JPG.parsed.txt:34
Erasmum,1,False,0054.JPG.parsed.txt:2
Erictae,1,False,0055.JPG.parsed.txt:12
Evangelistae,1,False,0049.JPG.parsed.txt:8
Excellens,1,False,0057.JPG.parsed.txt:35
Excellentem,1,False,0057.JPG.parsed.txt:14
Executorium,1,False,0006.JPG.parsed.txt:24
Exposito,2,False,0055.JPG.parsed.txt:30; 0058.JPG.parsed.txt:29
Extracto,1,False,0061.JPG.parsed.txt:1
Extrait,1,False,0066.JPG.parsed.txt:19
Fabrum,1,False,0067.JPG.parsed.txt:8
Factorum,1,False,0053.JPG.parsed.txt:16
Fameturum,1,False,0006.JPG.parsed.txt:31
Fassi,1,False,0050.JPG.parsed.txt:32
Fatendo,2,False,0055.JPG.parsed.txt:6; 0057.JPG.parsed.txt:7
Fideilium,1,False,0057.JPG.parsed.txt:20
Filiae,1,False,0052.JPG.parsed.txt:28
Fiolettoli,1,False,0068.JPG.parsed.txt:29
Flambowa,2,False,0067.JPG.parsed.txt:29; 0067.JPG.parsed.txt:31
Flamel,1,False,0067.JPG.parsed.txt:27
Florenenses,1,False,0065.JPG.parsed.txt:10
Frackowic,2,False,0051.JPG.parsed.txt:39; 0052.JPG.parsed.txt:22
Francisca,1,False,0063.JPG.parsed.txt:25
Francisci,2,False,0061.JPG.parsed.txt:27; 0063.JPG.parsed.txt:30
Francisco,1,False,0003.JPG.parsed.txt:13
Franciszkańskim,2,True,0064.JPG.parsed.txt:8; 0064.JPG.parsed.txt:9
Fratris,2,False,0063.JPG.parsed.txt:11; 0063.JPG.parsed.txt:29
Fratrum,1,False,0061.JPG.parsed.txt:26
Frentificem,1,False,0064.JPG.parsed.txt:23
Fridericus,1,False,0051.JPG.parsed.txt:36
Furtkowi,1,False,0069.JPG.parsed.txt:24
Furtna,1,False,0054.JPG.parsed.txt:21
Gabrieli,1,False,0061.JPG.parsed.txt:29
Gallus,1,False,0051.JPG.parsed.txt:36
Garwolin,1,False,0057.JPG.parsed.txt:34
Gasparem,1,False,0007.JPG.parsed.txt:3
Gasparum,1,False,0063.JPG.parsed.txt:32
Gavrilam,1,False,0065.JPG.parsed.txt:10
Gawriła,1,True,0066.JPG.parsed.txt:6
Gawriłem,1,True,0066.JPG.parsed.txt:10
Gawriło,1,True,0065.JPG.parsed.txt:25
Gedanensibus,1,False,0054.JPG.parsed.txt:36
Generosi,1,False,0065.JPG.parsed.txt:7
Generoso,2,False,0051.JPG.parsed.txt:23; 0065.JPG.parsed.txt:8
Georgii,2,False,0051.JPG.parsed.txt:9; 0057.JPG.parsed.txt:34
Georgij,1,False,0061.JPG.parsed.txt:29
Georgio,2,False,0057.JPG.parsed.txt:38; 0062.JPG.parsed.txt:17
Georgium,2,False,0056.JPG.parsed.txt:4; 0058.JPG.parsed.txt:14
Glogovy,1,False,0007.JPG.parsed.txt:1
Gutterowscza,1,True,0056.JPG.parsed.txt:36
Habituros,1,False,0063.JPG.parsed.txt:18
Haereditatem,1,False,0063.JPG.parsed.txt:12
Halicien,1,False,0052.JPG.parsed.txt:5
Haliciensi,1,False,0054.JPG.parsed.txt:32
Hausnowska,1,False,0059.JPG.parsed.txt:28
Hedvigis,1,False,0051.JPG.parsed.txt:16
Hereditariae,1,False,0055.JPG.parsed.txt:25
Hereditarii,1,False,0055.JPG.parsed.txt:7
Hereditatem,2,False,0055.JPG.parsed.txt:16; 0058.JPG.parsed.txt:24
Hieronim,1,False,0064.JPG.parsed.txt:4
Hieronymi,1,False,0063.JPG.parsed.txt:30
Hospitalari,1,False,0068.JPG.parsed.txt:37
Hospitale,1,False,0068.JPG.parsed.txt:38
Hospitali,1,False,0067.JPG.parsed.txt:28
Hospodar,1,False,0065.JPG.parsed.txt:38
Hubicki,1,False,0006.JPG.parsed.txt:38
INCLYTA,1,False,0004.JPG.parsed.txt:4
Iaslowiecki,1,False,0057.JPG.parsed.txt:6
Ierziolko,1,True,0057.JPG.parsed.txt:6
Illustris,2,False,0067.JPG.parsed.txt:3; 0067.JPG.parsed.txt:25
Infantulum,1,False,0062.JPG.parsed.txt:30
Infidelem,1,False,0066.JPG.parsed.txt:22
Ingenui,1,False,0051.JPG.parsed.txt:21
Institoris,1,False,0062.JPG.parsed.txt:7
Interessatos,1,False,0053.JPG.parsed.txt:1
Inuocauit,1,False,0067.JPG.parsed.txt:21
Invocavit,1,False,0063.JPG.parsed.txt:23
Iudaeum,2,False,0054.JPG.parsed.txt:1; 0054.JPG.parsed.txt:10
Iudicatorum,1,False,0052.JPG.parsed.txt:34
Iudicium,1,False,0057.JPG.parsed.txt:39
Izbiczky,1,True,0069.JPG.parsed.txt:20
Izdebka,1,False,0069.JPG.parsed.txt:30
Jakub,2,False,0005.JPG.parsed.txt:26; 0066.JPG.parsed.txt:18
Jakuba,1,False,0065.JPG.parsed.txt:22
Janaiowska,1,False,0060.JPG.parsed.txt:27
Januczewska,1,True,0059.JPG.parsed.txt:27
Jaromba,1,False,0061.JPG.parsed.txt:34
Jaroslaviensi,1,False,0049.JPG.parsed.txt:11
Jasiech,1,False,0066.JPG.parsed.txt:14
Jaslowiecki,1,False,0056.JPG.parsed.txt:30
Jasłowiecz,1,True,0056.JPG.parsed.txt:38
Jbatouio,1,False,0061.JPG.parsed.txt:26
Jedembeg,1,False,0066.JPG.parsed.txt:29
Jedembek,1,False,0066.JPG.parsed.txt:23
Jelonek,1,False,0054.JPG.parsed.txt:2
Jendrzei,1,True,0006.JPG.parsed.txt:15
Jeorowi,1,False,0065.JPG.parsed.txt:27
Jerfeidum,1,False,0054.JPG.parsed.txt:9
Jesienoro,1,False,0065.JPG.parsed.txt:5
Jesienowie,1,False,0065.JPG.parsed.txt:21
Jesmy,1,False,0066.JPG.parsed.txt:31
Joens,1,False,0054.JPG.parsed.txt:7
Jozefowicz,1,True,0054.JPG.parsed.txt:33
Jucores,1,False,0068.JPG.parsed.txt:26
Judaeo,1,False,0053.JPG.parsed.txt:36
Judeum,1,False,0066.JPG.parsed.txt:22
Judeus,2,False,0066.JPG.parsed.txt:29; 0066.JPG.parsed.txt:37
July,1,False,0066.JPG.parsed.txt:14
Karszycki,1,True,0058.JPG.parsed.txt:15
Kierscie,2,False,0065.JPG.parsed.txt:27; 0065.JPG.parsed.txt:31
Kiersta,2,False,0065.JPG.parsed.txt:8; 0065.JPG.parsed.txt:13
Kinost,1,False,0064.JPG.parsed.txt:22
Kiriak,1,False,0065.JPG.parsed.txt:24
Klinczowska,1,True,0049.JPG.parsed.txt:18
Koconiecki,1,False,0065.JPG.parsed.txt:7
Koczonieckiego,1,True,0065.JPG.parsed.txt:23
Kolecowic,1,False,0055.JPG.parsed.txt:27
Komorka,1,False,0069.JPG.parsed.txt:31
Konescoff,1,False,0049.JPG.parsed.txt:2
Kowalicki,1,False,0066.JPG.parsed.txt:18
Kraizorowska,1,False,0056.JPG.parsed.txt:36
Krawiec,1,False,0069.JPG.parsed.txt:25
Krzuchuly,1,True,0007.JPG.parsed.txt:21
Krzychuly,1,True,0007.JPG.parsed.txt:31
Laetare,1,False,0050.JPG.parsed.txt:10
Lagiewnicki,1,False,0053.JPG.parsed.txt:29
Lanionem,1,False,0052.JPG.parsed.txt:29
Laurentii,1,False,0057.JPG.parsed.txt:2
Legofetowi,1,False,0065.JPG.parsed.txt:27
Lenowiczkj,2,True,0051.JPG.parsed.txt:17; 0051.JPG.parsed.txt:22
Lewicki,2,False,0053.JPG.parsed.txt:2; 0053.JPG.parsed.txt:17
Lewiczkj,1,True,0051.JPG.parsed.txt:28
Lewszu,1,True,0060.JPG.parsed.txt:30
Librech,1,False,0067.JPG.parsed.txt:2
Librkowa,1,False,0067.JPG.parsed.txt:1
Liczkowska,1,True,0060.JPG.parsed.txt:26
Linetzky,1,False,0054.JPG.parsed.txt:34
Liście,1,True,0066.JPG.parsed.txt:35
Logofet,1,False,0066.JPG.parsed.txt:2
Logofeta,1,False,0066.JPG.parsed.txt:11
Logofetowi,1,False,0066.JPG.parsed.txt:8
Lowicki,1,False,0068.JPG.parsed.txt:9
Lubloviensi,1,False,0054.JPG.parsed.txt:34
Ludouici,1,False,0058.JPG.parsed.txt:15
Ludovici,1,False,0058.JPG.parsed.txt:6
Lwowscy,1,False,0066.JPG.parsed.txt:16
Lwowskiego,1,False,0066.JPG.parsed.txt:4
MADROWICZ,1,True,0003.JPG.parsed.txt:15
Magistratus,1,False,0057.JPG.parsed.txt:22
Maiestatis,2,False,0049.JPG.parsed.txt:31; 0064.JPG.parsed.txt:19
Maioris,2,False,0049.JPG.parsed.txt:16; 0056.JPG.parsed.txt:19
Margareta,1,False,0064.JPG.parsed.txt:17
Margaretha,1,False,0067.JPG.parsed.txt:1
Margarethae,2,False,0052.JPG.parsed.txt:34; 0054.JPG.parsed.txt:28
Martinus,1,False,0068.JPG.parsed.txt:30
Martyris,1,False,0050.JPG.parsed.txt:24
Marzimion,1,True,0061.JPG.parsed.txt:37
Masanc,1,False,0006.JPG.parsed.txt:17
Mathaei,1,False,0049.JPG.parsed.txt:7
Mathias,1,False,0006.JPG.parsed.txt:18
Medicinae,2,False,0057.JPG.parsed.txt:15; 0057.JPG.parsed.txt:36
Meliorem,1,False,0060.JPG.parsed.txt:13
Mercator,2,False,0056.JPG.parsed.txt:33; 0065.JPG.parsed.txt:3
Metropoli,1,False,0059.JPG.parsed.txt:34
Miasta,1,False,0006.JPG.parsed.txt:10
Mieszczanie,1,True,0066.JPG.parsed.txt:16
Mieszczanina,1,True,0066.JPG.parsed.txt:4
Mieszkowski,2,True,0003.JPG.parsed.txt:10; 0063.JPG.parsed.txt:28
Millesimo,1,False,0005.JPG.parsed.txt:3
Moratoriis,1,False,0049.JPG.parsed.txt:29
Moryskawiankę,1,True,0064.JPG.parsed.txt:5
Moskionem,1,False,0054.JPG.parsed.txt:10
Mosszkanem,1,True,0007.JPG.parsed.txt:13
Moszkone,1,True,0007.JPG.parsed.txt:10
Mozanc,1,False,0005.JPG.parsed.txt:10
Mołdawiani,1,True,0066.JPG.parsed.txt:17
Mołdawskiey,1,True,0066.JPG.parsed.txt:1
Nastasiam,1,False,0057.JPG.parsed.txt:38
Nativitate,1,False,0059.JPG.parsed.txt:25
Negotiatori,1,False,0049.JPG.parsed.txt:3
Nico,1,False,0056.JPG.parsed.txt:37
Nippolitus,1,False,0058.JPG.parsed.txt:6
Notarii,1,False,0052.JPG.parsed.txt:27
Notario,1,False,0053.JPG.parsed.txt:6
Notarium,1,False,0057.JPG.parsed.txt:17
Nouicampiano,1,False,0003.JPG.parsed.txt:9
Nouitiorum,1,False,0062.JPG.parsed.txt:36
Obseruantia,1,False,0061.JPG.parsed.txt:27
Offi,1,False,0060.JPG.parsed.txt:43
Officiale,1,False,0064.JPG.parsed.txt:13
Olexa,1,False,0050.JPG.parsed.txt:8
Opatouien,1,False,0061.JPG.parsed.txt:30
Ordinatione,1,False,0060.JPG.parsed.txt:18
Osmol,1,False,0059.JPG.parsed.txt:11
Palatino,2,False,0065.JPG.parsed.txt:9; 0065.JPG.parsed.txt:12
Panskiej,1,False,0005.JPG.parsed.txt:28
Paproc,1,False,0068.JPG.parsed.txt:15
Parocho,1,False,0054.JPG.parsed.txt:35
Paulina,1,False,0060.JPG.parsed.txt:2
Paulo,1,False,0003.JPG.parsed.txt:9
Pediano,1,False,0003.JPG.parsed.txt:11
Pellionem,1,False,0053.JPG.parsed.txt:28
Perfido,1,False,0007.JPG.parsed.txt:10
Pieczęć,1,True,0066.JPG.parsed.txt:13
Pisan,1,False,0066.JPG.parsed.txt:14
Pleni,1,False,0058.JPG.parsed.txt:27
Plenipo,1,False,0053.JPG.parsed.txt:18
Podstarościc,1,True,0066.JPG.parsed.txt:18
Podstarościego,1,True,0065.JPG.parsed.txt:23
Pokazywali,1,False,0065.JPG.parsed.txt:30
Porro,2,False,0049.JPG.parsed.txt:31; 0061.JPG.parsed.txt:14
Poznaie,1,False,0069.JPG.parsed.txt:12
Praetereaque,1,False,0055.JPG.parsed.txt:10
Praetinen,1,False,0057.JPG.parsed.txt:6
Primam,1,False,0056.JPG.parsed.txt:13
Priori,1,False,0057.JPG.parsed.txt:26
Probum,1,False,0053.JPG.parsed.txt:2
Procuratorem,1,False,0061.JPG.parsed.txt:15
Proptereaque,1,False,0058.JPG.parsed.txt:19
Proszony,1,True,0066.JPG.parsed.txt:2
Protestatio,2,False,0064.JPG.parsed.txt:15; 0064.JPG.parsed.txt:37
Protocolo,1,False,0059.JPG.parsed.txt:19
Protunc,1,False,0059.JPG.parsed.txt:9
Providum,1,False,0061.JPG.parsed.txt:37
Prsecivko,1,False,0060.JPG.parsed.txt:29
Przescie,1,True,0069.JPG.parsed.txt:39
Przezdziecki,1,True,0003.JPG.parsed.txt:14
Przełożonemu,1,True,0066.JPG.parsed.txt:8
Przełożony,1,True,0066.JPG.parsed.txt:10
Przyiaciele,2,True,0006.JPG.parsed.txt:5; 0006.JPG.parsed.txt:7
Ptasz,1,True,0053.JPG.parsed.txt:5
Pulstrysziczo,1,True,0069.JPG.parsed.txt:22
RESIDENTIBUS,1,False,0003.JPG.parsed.txt:8
Radziec,1,True,0006.JPG.parsed.txt:10
Recessus,1,False,0068.JPG.parsed.txt:14
Regati,1,False,0066.JPG.parsed.txt:19
Relatio,1,False,0059.JPG.parsed.txt:1
Religiosi,2,False,0061.JPG.parsed.txt:34; 0063.JPG.parsed.txt:29
Religiosus,1,False,0061.JPG.parsed.txt:26
Requisiti,1,False,0066.JPG.parsed.txt:27
Rottendorff,2,False,0050.JPG.parsed.txt:17; 0068.JPG.parsed.txt:30
Ruthenorum,1,False,0049.JPG.parsed.txt:18
SCABINALIA,1,False,0004.JPG.parsed.txt:1
SENIORIS,1,False,0004.JPG.parsed.txt:6
Sabriczowska,1,True,0049.JPG.parsed.txt:19
Saepedic,1,False,0058.JPG.parsed.txt:26
Salvo,1,False,0057.JPG.parsed.txt:25
Sambili,1,False,0059.JPG.parsed.txt:34
Sanctorum,1,False,0006.JPG.parsed.txt:16
Sanestatis,1,False,0061.JPG.parsed.txt:8
Sapiha,1,False,0005.JPG.parsed.txt:11
Sartoris,1,False,0052.JPG.parsed.txt:7
Sartorum,1,False,0068.JPG.parsed.txt:38
Sawinski,2,False,0053.JPG.parsed.txt:23; 0053.JPG.parsed.txt:24
Schreiber,1,False,0057.JPG.parsed.txt:33
Sczibor,1,True,0059.JPG.parsed.txt:5
Sebastiano,1,False,0054.JPG.parsed.txt:33
Sebauranowicz,1,True,0006.JPG.parsed.txt:18
Senatus,1,False,0061.JPG.parsed.txt:2
Seniore,1,False,0003.JPG.parsed.txt:9
Seniorem,1,False,0058.JPG.parsed.txt:28
Septembris,1,False,0054.JPG.parsed.txt:36
Septuagesimo,1,False,0060.JPG.parsed.txt:18
Sienienski,2,False,0006.JPG.parsed.txt:34; 0006.JPG.parsed.txt:38
Sigismundi,1,False,0052.JPG.parsed.txt:26
Simone,2,False,0003.JPG.parsed.txt:9; 0003.JPG.parsed.txt:10
Simonem,1,False,0064.JPG.parsed.txt:22
Simonis,2,False,0067.JPG.parsed.txt:3; 0067.JPG.parsed.txt:12
Simonowa,2,False,0067.JPG.parsed.txt:5; 0067.JPG.parsed.txt:12
Simonowic,2,False,0005.JPG.parsed.txt:7; 0068.JPG.parsed.txt:29
Simonowicz,2,True,0006.JPG.parsed.txt:15; 0067.JPG.parsed.txt:4
Skarbek,1,False,0061.JPG.parsed.txt:23
Sklepik,1,False,0069.JPG.parsed.txt:29
Skorka,1,False,0052.JPG.parsed.txt:7
Skrtawic,1,False,0055.JPG.parsed.txt:35
Smiatynin,1,False,0065.JPG.parsed.txt:5
Sniatinensi,1,False,0056.JPG.parsed.txt:38
Sniatynen,2,False,0065.JPG.parsed.txt:7; 0066.JPG.parsed.txt:22
Sniatynensis,1,False,0066.JPG.parsed.txt:19
Sniatynskiego,1,False,0065.JPG.parsed.txt:23
Sniatynskim,1,False,0065.JPG.parsed.txt:21
Sokaliensi,1,False,0056.JPG.parsed.txt:38
Sokol,1,False,0068.JPG.parsed.txt:30
Spectabilis,2,False,0057.JPG.parsed.txt:39; 0063.JPG.parsed.txt:28
Spiritus,2,False,0067.JPG.parsed.txt:28; 0068.JPG.parsed.txt:38
Stanawszy,1,True,0065.JPG.parsed.txt:24
Stanąwszy,1,True,0066.JPG.parsed.txt:1
Starogardiensi,1,False,0054.JPG.parsed.txt:34
Stein,2,False,0057.JPG.parsed.txt:14; 0057.JPG.parsed.txt:34
Steinfestes,1,False,0057.JPG.parsed.txt:38
Stephy,1,False,0066.JPG.parsed.txt:15
Suburba,1,False,0051.JPG.parsed.txt:18
Suburbani,1,False,0007.JPG.parsed.txt:24
Suburbano,2,False,0007.JPG.parsed.txt:31; 0051.JPG.parsed.txt:22
Succores,2,False,0068.JPG.parsed.txt:5; 0068.JPG.parsed.txt:5
Succres,1,False,0052.JPG.parsed.txt:23
Superiorum,2,False,0062.JPG.parsed.txt:29; 0063.JPG.parsed.txt:11
Swiadczemy,1,True,0066.JPG.parsed.txt:1
Swiartski,1,False,0059.JPG.parsed.txt:13
Synac,1,False,0051.JPG.parsed.txt:14
Szambor,1,True,0003.JPG.parsed.txt:11
Szanc,1,True,0053.JPG.parsed.txt:1
Szaphata,1,True,0060.JPG.parsed.txt:12
Szeynowską,1,True,0060.JPG.parsed.txt:27
Szlot,1,True,0059.JPG.parsed.txt:12
Szpalinska,1,True,0056.JPG.parsed.txt:35
Szsolc,1,True,0056.JPG.parsed.txt:4
Szurwiczki,1,True,0051.JPG.parsed.txt:14
Szwidros,1,True,0051.JPG.parsed.txt:18
Tariem,1,False,0069.JPG.parsed.txt:29
Tarnopole,1,False,0007.JPG.parsed.txt:2
Tarnopoli,1,False,0007.JPG.parsed.txt:10
Tarnopoliensi,1,False,0007.JPG.parsed.txt:11
Tatarzy,1,True,0066.JPG.parsed.txt:32
Tatkowska,1,False,0059.JPG.parsed.txt:28
Tenutariis,1,False,0049.JPG.parsed.txt:22
Terendarius,1,False,0068.JPG.parsed.txt:9
Tomaszewic,1,True,0067.JPG.parsed.txt:12
Torneator,1,False,0068.JPG.parsed.txt:26
Torneatoris,1,False,0068.JPG.parsed.txt:33
Triennien,1,False,0065.JPG.parsed.txt:5
Trompetae,1,False,0059.JPG.parsed.txt:27
Trompetas,1,False,0059.JPG.parsed.txt:5
Tutela,2,False,0051.JPG.parsed.txt:14; 0062.JPG.parsed.txt:18
Urzedem,1,True,0005.JPG.parsed.txt:28
Urzędem,1,True,0065.JPG.parsed.txt:24
Valentini,1,False,0052.JPG.parsed.txt:7
Venerandi,1,False,0061.JPG.parsed.txt:33
Vicario,2,False,0059.JPG.parsed.txt:14; 0059.JPG.parsed.txt:35
Vicecapitanei,1,False,0065.JPG.parsed.txt:7
Videlicet,2,False,0049.JPG.parsed.txt:6; 0050.JPG.parsed.txt:21
Wadowic,1,False,0057.JPG.parsed.txt:16
Wałszkanczowska,1,True,0053.JPG.parsed.txt:8
Wilczkibus,1,True,0066.JPG.parsed.txt:39
Wilczkiem,2,True,0065.JPG.parsed.txt:33; 0065.JPG.parsed.txt:36
Wloszek,1,True,0051.JPG.parsed.txt:35
Wolffango,1,False,0059.JPG.parsed.txt:33
Wolffangus,1,False,0059.JPG.parsed.txt:3
Wolffgangus,1,False,0051.JPG.parsed.txt:35
Wolfgangus,1,False,0066.JPG.parsed.txt:28
Wolfowicz,1,True,0003.JPG.parsed.txt:14
Wołoch,1,True,0065.JPG.parsed.txt:34
Wołoszyn,1,True,0066.JPG.parsed.txt:33
Wresidowic,1,False,0050.JPG.parsed.txt:8
Wyganski,1,False,0007.JPG.parsed.txt:23
Xiądz,1,True,0064.JPG.parsed.txt:4
Xięgi,1,True,0065.JPG.parsed.txt:37
Xiężę,1,True,0064.JPG.parsed.txt:5
Xsiędzu,1,True,0064.JPG.parsed.txt:11
Zamoscensi,1,False,0049.JPG.parsed.txt:8
Zaremba,1,False,0062.JPG.parsed.txt:30
Zawiazie,1,False,0065.JPG.parsed.txt:34
Zdrowia,1,False,0005.JPG.parsed.txt:27
Zeloti,1,False,0057.JPG.parsed.txt:39
Zemboterium,1,False,0063.JPG.parsed.txt:19
Zialussouiensi,1,False,0053.JPG.parsed.txt:6
Ziemie,1,False,0066.JPG.parsed.txt:1
Zoffiey,1,False,0006.JPG.parsed.txt:14
Zophiey,1,False,0005.JPG.parsed.txt:31
Zydaczovien,1,True,0052.JPG.parsed.txt:27
Zygmuntowic,1,False,0056.JPG.parsed.txt:30
Zygmuntowicz,1,True,0056.JPG.parsed.txt:32
abbcessum,1,False,0057.JPG.parsed.txt:3
absente,1,False,0064.JPG.parsed.txt:35
absentium,1,False,0005.JPG.parsed.txt:12
absolutam,1,False,0055.JPG.parsed.txt:9
absolutum,2,False,0053.JPG.parsed.txt:32; 0067.JPG.parsed.txt:35
abym,1,False,0064.JPG.parsed.txt:5
accersitis,1,False,0059.JPG.parsed.txt:32
acquisitionis,1,False,0056.JPG.parsed.txt:7
acquisitis,1,False,0060.JPG.parsed.txt:2
actores,1,False,0068.JPG.parsed.txt:12
actualiter,1,False,0054.JPG.parsed.txt:32
additares,1,False,0064.JPG.parsed.txt:2
adducta,1,False,0060.JPG.parsed.txt:11
adductus,1,False,0061.JPG.parsed.txt:7
adhaerendo,1,False,0062.JPG.parsed.txt:27
adhaesit,1,False,0060.JPG.parsed.txt:7
adhiberi,1,False,0049.JPG.parsed.txt:22
adimere,1,False,0049.JPG.parsed.txt:26
adirent,1,False,0005.JPG.parsed.txt:18
adminiculis,1,False,0056.JPG.parsed.txt:24
adminiculo,2,False,0049.JPG.parsed.txt:21; 0057.JPG.parsed.txt:19
administretur,1,False,0006.JPG.parsed.txt:27
admonitionibus,1,False,0064.JPG.parsed.txt:29
admortuam,1,False,0067.JPG.parsed.txt:16
adstitit,1,False,0053.JPG.parsed.txt:19
adstrictus,2,False,0049.JPG.parsed.txt:15; 0050.JPG.parsed.txt:7
aduenerit,1,False,0006.JPG.parsed.txt:26
aduenti,1,False,0064.JPG.parsed.txt:36
adversus,1,False,0049.JPG.parsed.txt:26
aedificia,1,False,0060.JPG.parsed.txt:25
aedificiis,1,False,0060.JPG.parsed.txt:31
aegre,1,False,0059.JPG.parsed.txt:15
aetatis,2,False,0054.JPG.parsed.txt:29; 0064.JPG.parsed.txt:21
affectante,1,False,0059.JPG.parsed.txt:38
afferret,1,False,0061.JPG.parsed.txt:15
affinem,1,False,0060.JPG.parsed.txt:3
affirmat,2,False,0007.JPG.parsed.txt:9; 0063.JPG.parsed.txt:4
afuique,1,False,0060.JPG.parsed.txt:28
agent,1,False,0063.JPG.parsed.txt:33
agnoscat,2,False,0054.JPG.parsed.txt:5; 0057.JPG.parsed.txt:24
agnouerunt,1,False,0063.JPG.parsed.txt:8
alienae,1,False,0051.JPG.parsed.txt:8
alienandi,1,False,0055.JPG.parsed.txt:14
alioquin,1,False,0052.JPG.parsed.txt:17
aliquem,1,False,0060.JPG.parsed.txt:35
aliquo,1,False,0051.JPG.parsed.txt:26
aliquot,2,False,0060.JPG.parsed.txt:8; 0064.JPG.parsed.txt:28
aliter,2,False,0063.JPG.parsed.txt:5; 0068.JPG.parsed.txt:23
allegan,1,False,0054.JPG.parsed.txt:6
allegat,1,False,0007.JPG.parsed.txt:7
allegauit,1,False,0061.JPG.parsed.txt:3
alteruter,1,False,0068.JPG.parsed.txt:16
alterutrig,1,False,0060.JPG.parsed.txt:16
amicis,1,False,0064.JPG.parsed.txt:29
amittet,1,False,0049.JPG.parsed.txt:14
ampliavit,1,False,0060.JPG.parsed.txt:6
angusta,1,False,0052.JPG.parsed.txt:6
animadverteret,2,False,0005.JPG.parsed.txt:16; 0059.JPG.parsed.txt:39
annichilauit,1,False,0068.JPG.parsed.txt:1
antecessori,1,False,0053.JPG.parsed.txt:5
antiqui,1,False,0052.JPG.parsed.txt:27
appellationibus,1,False,0049.JPG.parsed.txt:29
approbans,1,False,0053.JPG.parsed.txt:25
approbante,2,False,0061.JPG.parsed.txt:38; 0068.JPG.parsed.txt:22
approbatu,1,False,0061.JPG.parsed.txt:36
approbauimus,1,False,0006.JPG.parsed.txt:23
arresti,1,False,0007.JPG.parsed.txt:2
assecurauerat,1,False,0053.JPG.parsed.txt:11
assecuravit,1,False,0049.JPG.parsed.txt:17
assecutus,1,False,0054.JPG.parsed.txt:30
assertionem,1,False,0050.JPG.parsed.txt:7
assignauimus,1,False,0051.JPG.parsed.txt:27
assignaverunt,1,False,0060.JPG.parsed.txt:28
assistens,1,False,0006.JPG.parsed.txt:29
astantes,1,False,0059.JPG.parsed.txt:10
attento,1,False,0054.JPG.parsed.txt:4
attestata,1,False,0067.JPG.parsed.txt:10
attestatus,1,False,0062.JPG.parsed.txt:32
audiendam,1,False,0059.JPG.parsed.txt:10
audientibus,1,False,0059.JPG.parsed.txt:39
audire,1,False,0068.JPG.parsed.txt:19
augicievit,1,False,0060.JPG.parsed.txt:42
autentice,2,False,0054.JPG.parsed.txt:37; 0059.JPG.parsed.txt:20
authenticam,1,False,0065.JPG.parsed.txt:4
authenticis,1,False,0059.JPG.parsed.txt:32
authoritate,1,False,0006.JPG.parsed.txt:19
autoritate,1,False,0057.JPG.parsed.txt:22
auunculo,1,False,0054.JPG.parsed.txt:35
baczac,1,True,0005.JPG.parsed.txt:26
bacznoscia,1,True,0005.JPG.parsed.txt:27
baptistam,1,False,0060.JPG.parsed.txt:13
bareci,1,False,0052.JPG.parsed.txt:2
bedac,1,False,0005.JPG.parsed.txt:27
beneficium,1,False,0049.JPG.parsed.txt:14
beneplacito,1,False,0051.JPG.parsed.txt:3
beneplacitos,2,False,0055.JPG.parsed.txt:15; 0058.JPG.parsed.txt:22
beneuolentia,1,False,0062.JPG.parsed.txt:5
bitatumque,1,False,0055.JPG.parsed.txt:29
brosio,1,False,0007.JPG.parsed.txt:31
browski,1,False,0058.JPG.parsed.txt:8
burmistrzostwo,1,True,0064.JPG.parsed.txt:3
bytnośći,1,True,0065.JPG.parsed.txt:22
będą,2,True,0006.JPG.parsed.txt:4; 0006.JPG.parsed.txt:8
caeteros,1,False,0067.JPG.parsed.txt:14
capitali,1,False,0053.JPG.parsed.txt:15
capitulatim,1,False,0068.JPG.parsed.txt:19
captando,1,False,0064.JPG.parsed.txt:30
cassant,1,False,0007.JPG.parsed.txt:33
cassował,1,True,0066.JPG.parsed.txt:35
caturum,1,False,0060.JPG.parsed.txt:41
cauit,1,False,0062.JPG.parsed.txt:25
causa,2,False,0053.JPG.parsed.txt:38; 0056.JPG.parsed.txt:7
causam,2,False,0051.JPG.parsed.txt:27; 0058.JPG.parsed.txt:8
causas,1,False,0061.JPG.parsed.txt:14
celebrabitur,1,False,0063.JPG.parsed.txt:16
celebrandi,1,False,0055.JPG.parsed.txt:31
celebrando,1,False,0058.JPG.parsed.txt:30
cellaria,1,False,0066.JPG.parsed.txt:21
censibus,1,False,0053.JPG.parsed.txt:30
certitudinis,2,False,0049.JPG.parsed.txt:16; 0056.JPG.parsed.txt:19
certowicz,1,True,0006.JPG.parsed.txt:26
cessionariam,1,False,0055.JPG.parsed.txt:18
cessisse,1,False,0058.JPG.parsed.txt:10
chaelis,1,False,0007.JPG.parsed.txt:30
chce,1,False,0066.JPG.parsed.txt:9
chciał,1,True,0064.JPG.parsed.txt:10
chior,1,False,0060.JPG.parsed.txt:40
chioris,2,False,0059.JPG.parsed.txt:5; 0059.JPG.parsed.txt:27
chlewem,1,False,0069.JPG.parsed.txt:24
chodze,1,True,0069.JPG.parsed.txt:21
chodzeniem,1,True,0069.JPG.parsed.txt:9
chować,1,True,0006.JPG.parsed.txt:6
chyrogra,1,False,0054.JPG.parsed.txt:2
chyrographo,1,False,0054.JPG.parsed.txt:5
ciauit,1,False,0057.JPG.parsed.txt:18
ciolom,1,False,0005.JPG.parsed.txt:34
circulo,2,False,0056.JPG.parsed.txt:35; 0058.JPG.parsed.txt:13
ciszkański,1,True,0064.JPG.parsed.txt:7
citationesque,1,False,0064.JPG.parsed.txt:24
citationibus,2,False,0064.JPG.parsed.txt:28; 0068.JPG.parsed.txt:14
citroque,1,False,0068.JPG.parsed.txt:24
clementer,1,False,0061.JPG.parsed.txt:12
clesiae,1,False,0063.JPG.parsed.txt:31
comminationibus,1,False,0064.JPG.parsed.txt:26
commune,2,False,0069.JPG.parsed.txt:36; 0069.JPG.parsed.txt:36
commutandi,1,False,0055.JPG.parsed.txt:14
competebat,1,False,0057.JPG.parsed.txt:5
compositioni,1,False,0068.JPG.parsed.txt:24
comprobandum,1,False,0050.JPG.parsed.txt:12
comprobarunt,1,False,0066.JPG.parsed.txt:38
comprobauit,1,False,0067.JPG.parsed.txt:18
computando,1,False,0049.JPG.parsed.txt:2
concedi,1,False,0053.JPG.parsed.txt:15
concernentes,1,False,0062.JPG.parsed.txt:14
concessam,1,False,0061.JPG.parsed.txt:32
concessit,1,False,0057.JPG.parsed.txt:21
conclusum,1,False,0063.JPG.parsed.txt:20
conde,1,False,0058.JPG.parsed.txt:23
condescendere,1,False,0058.JPG.parsed.txt:11
condescendisse,1,False,0058.JPG.parsed.txt:10
condescendit,2,False,0055.JPG.parsed.txt:12; 0055.JPG.parsed.txt:15
condescensam,1,False,0055.JPG.parsed.txt:21
condescensario,1,False,0058.JPG.parsed.txt:17
condescensionem,1,False,0055.JPG.parsed.txt:27
condi,1,False,0056.JPG.parsed.txt:17
conditione,1,False,0049.JPG.parsed.txt:12
conditionem,1,False,0006.JPG.parsed.txt:20
conditiones,2,False,0006.JPG.parsed.txt:30; 0049.JPG.parsed.txt:27
conferri,1,False,0051.JPG.parsed.txt:11
confirmationi,1,False,0062.JPG.parsed.txt:26
confirmatum,1,False,0006.JPG.parsed.txt:32
confirmaturum,2,False,0060.JPG.parsed.txt:14; 0060.JPG.parsed.txt:40
confirmauimus,1,False,0006.JPG.parsed.txt:22
coniunx,1,False,0051.JPG.parsed.txt:19
conrado,1,False,0061.JPG.parsed.txt:27
conscientia,2,False,0062.JPG.parsed.txt:24; 0067.JPG.parsed.txt:17
conscientias,1,False,0063.JPG.parsed.txt:6
consenserunt,1,False,0068.JPG.parsed.txt:22
consensit,1,False,0006.JPG.parsed.txt:33
consensu,1,False,0061.JPG.parsed.txt:32
consensum,1,False,0062.JPG.parsed.txt:38
consensus,1,False,0060.JPG.parsed.txt:39
consentiendum,1,False,0050.JPG.parsed.txt:11
consentiente,1,False,0059.JPG.parsed.txt:37
consentientibus,1,False,0062.JPG.parsed.txt:4
consentientis,1,False,0059.JPG.parsed.txt:17
consentit,1,False,0060.JPG.parsed.txt:13
conservaturum,1,False,0049.JPG.parsed.txt:35
considerantes,1,False,0065.JPG.parsed.txt:17
consilio,1,False,0062.JPG.parsed.txt:37
consisten,1,False,0063.JPG.parsed.txt:31
consistentem,1,False,0069.JPG.parsed.txt:1
consistentium,1,False,0062.JPG.parsed.txt:11
consorte,1,False,0059.JPG.parsed.txt:36
constare,1,False,0067.JPG.parsed.txt:10
constat,1,False,0068.JPG.parsed.txt:9
constituerit,1,False,0055.JPG.parsed.txt:34
constituerunt,1,False,0063.JPG.parsed.txt:15
constituit,1,False,0058.JPG.parsed.txt:27
constituti,1,False,0057.JPG.parsed.txt:39
consumpsit,1,False,0063.JPG.parsed.txt:3
contagione,1,False,0005.JPG.parsed.txt:15
contenta,2,False,0050.JPG.parsed.txt:12; 0052.JPG.parsed.txt:13
contentam,2,False,0007.JPG.parsed.txt:29; 0053.JPG.parsed.txt:10
continentem,1,False,0065.JPG.parsed.txt:14
contingerit,1,False,0060.JPG.parsed.txt:36
contradictionem,1,False,0061.JPG.parsed.txt:16
contradixit,1,False,0052.JPG.parsed.txt:20
controversiam,1,False,0054.JPG.parsed.txt:6
controversijs,1,False,0054.JPG.parsed.txt:3
contulerunt,1,False,0052.JPG.parsed.txt:12
conue,1,False,0068.JPG.parsed.txt:12
conuenerit,1,False,0061.JPG.parsed.txt:6
conuenerunt,1,False,0068.JPG.parsed.txt:13
conuertendum,1,False,0058.JPG.parsed.txt:22
conventus,1,False,0049.JPG.parsed.txt:29
convertendi,1,False,0055.JPG.parsed.txt:15
convertere,1,False,0051.JPG.parsed.txt:3
corinthi,1,False,0066.JPG.parsed.txt:36
corporali,1,False,0066.JPG.parsed.txt:38
corpore,2,False,0056.JPG.parsed.txt:33; 0059.JPG.parsed.txt:30
correctum,1,False,0066.JPG.parsed.txt:19
correpta,1,False,0060.JPG.parsed.txt:9
corroborat,1,False,0063.JPG.parsed.txt:4
corroborauit,1,False,0056.JPG.parsed.txt:21
cuicunque,1,False,0051.JPG.parsed.txt:2
cuiusvis,1,False,0049.JPG.parsed.txt:36
curabimus,1,False,0006.JPG.parsed.txt:27
curandum,1,False,0065.JPG.parsed.txt:11
curauit,1,False,0062.JPG.parsed.txt:26
curiosam,1,False,0063.JPG.parsed.txt:3
currenti,2,False,0049.JPG.parsed.txt:9; 0056.JPG.parsed.txt:15
cursum,1,False,0062.JPG.parsed.txt:35
cyrograf,1,False,0066.JPG.parsed.txt:35
cyrografu,2,False,0066.JPG.parsed.txt:5; 0066.JPG.parsed.txt:34
cyrographu,1,False,0065.JPG.parsed.txt:28
cyrographum,1,False,0065.JPG.parsed.txt:9
czesciom,1,True,0069.JPG.parsed.txt:37
cziani,1,True,0059.JPG.parsed.txt:9
czony,1,True,0006.JPG.parsed.txt:14
czyni,1,True,0066.JPG.parsed.txt:6
czynie,1,True,0006.JPG.parsed.txt:10
darium,1,False,0053.JPG.parsed.txt:17
darować,1,True,0066.JPG.parsed.txt:9
daruie,1,False,0005.JPG.parsed.txt:32
debebunt,2,False,0068.JPG.parsed.txt:17; 0068.JPG.parsed.txt:19
decedere,1,False,0060.JPG.parsed.txt:36
decessum,1,False,0060.JPG.parsed.txt:21
declarauit,1,False,0051.JPG.parsed.txt:20
dederunt,1,False,0052.JPG.parsed.txt:11
dedigna,1,False,0067.JPG.parsed.txt:18
deerat,1,False,0006.JPG.parsed.txt:21
defalcan,1,False,0060.JPG.parsed.txt:34
defalcando,2,False,0051.JPG.parsed.txt:12; 0056.JPG.parsed.txt:27
defectu,2,False,0053.JPG.parsed.txt:13; 0060.JPG.parsed.txt:22
defendere,1,False,0049.JPG.parsed.txt:26
defenso,1,False,0049.JPG.parsed.txt:38
defensurus,1,False,0055.JPG.parsed.txt:22
defuit,1,False,0060.JPG.parsed.txt:8
degentis,1,False,0067.JPG.parsed.txt:28
deiecerit,1,False,0061.JPG.parsed.txt:12
deinde,2,False,0005.JPG.parsed.txt:19; 0007.JPG.parsed.txt:14
deliberatione,2,False,0059.JPG.parsed.txt:32; 0062.JPG.parsed.txt:4
demque,1,False,0059.JPG.parsed.txt:29
denunciamus,1,False,0006.JPG.parsed.txt:23
denunciationem,1,False,0052.JPG.parsed.txt:28
deputati,1,False,0068.JPG.parsed.txt:35
descendentem,1,False,0052.JPG.parsed.txt:2
descenderunt,1,False,0068.JPG.parsed.txt:36
descriptas,1,False,0006.JPG.parsed.txt:30
deseruit,2,False,0060.JPG.parsed.txt:10; 0060.JPG.parsed.txt:10
destinatus,1,False,0063.JPG.parsed.txt:12
determi,1,False,0053.JPG.parsed.txt:13
detrectauit,1,False,0051.JPG.parsed.txt:29
deuolutam,1,False,0058.JPG.parsed.txt:15
devolvetur,1,False,0060.JPG.parsed.txt:38
dictorum,1,False,0062.JPG.parsed.txt:29
digitorum,1,False,0066.JPG.parsed.txt:37
dilatam,1,False,0049.JPG.parsed.txt:31
dilatavit,1,False,0060.JPG.parsed.txt:7
diligenter,1,False,0054.JPG.parsed.txt:3
disertis,1,False,0059.JPG.parsed.txt:17
dispendio,1,False,0064.JPG.parsed.txt:32
dispositionem,1,False,0062.JPG.parsed.txt:39
ditor,1,False,0049.JPG.parsed.txt:34
ditori,1,False,0049.JPG.parsed.txt:23
diuexet,1,False,0064.JPG.parsed.txt:36
diuidi,1,False,0063.JPG.parsed.txt:14
diuturno,1,False,0060.JPG.parsed.txt:8
diviserunt,1,False,0069.JPG.parsed.txt:2
divisim,1,False,0049.JPG.parsed.txt:6
dobrach,1,False,0006.JPG.parsed.txt:8
dobrowolnie,1,False,0005.JPG.parsed.txt:28
domagał,1,True,0066.JPG.parsed.txt:33
domicilio,1,False,0050.JPG.parsed.txt:32
donandi,1,False,0055.JPG.parsed.txt:14
donauit,1,False,0062.JPG.parsed.txt:15
donavit,2,False,0055.JPG.parsed.txt:3; 0060.JPG.parsed.txt:19
donec,2,False,0051.JPG.parsed.txt:4; 0056.JPG.parsed.txt:25
dopuscic,1,False,0005.JPG.parsed.txt:30
dożywocie,1,True,0006.JPG.parsed.txt:4
dożywociu,1,True,0006.JPG.parsed.txt:5
drugie,2,False,0069.JPG.parsed.txt:5; 0069.JPG.parsed.txt:24
drugiego,1,False,0069.JPG.parsed.txt:8
drugiey,1,False,0069.JPG.parsed.txt:27
drzewisko,1,True,0069.JPG.parsed.txt:25
drzwi,1,True,0069.JPG.parsed.txt:20
dtorczonego,1,True,0066.JPG.parsed.txt:33
ducatos,1,False,0065.JPG.parsed.txt:10
ducen,1,False,0049.JPG.parsed.txt:9
duodecim,1,False,0007.JPG.parsed.txt:5
dwiema,1,False,0069.JPG.parsed.txt:36
dwoie,2,False,0069.JPG.parsed.txt:4; 0069.JPG.parsed.txt:23
dzenia,1,True,0006.JPG.parsed.txt:10
eademque,1,False,0057.JPG.parsed.txt:28
effectum,1,False,0053.JPG.parsed.txt:25
egressu,1,False,0069.JPG.parsed.txt:27
emanatam,1,False,0054.JPG.parsed.txt:37
emanati,1,False,0059.JPG.parsed.txt:20
ensis,1,False,0066.JPG.parsed.txt:22
erectis,1,False,0056.JPG.parsed.txt:8
essentiali,1,False,0060.JPG.parsed.txt:34
evenerit,2,False,0051.JPG.parsed.txt:12; 0056.JPG.parsed.txt:26
eveniret,1,False,0049.JPG.parsed.txt:25
evictores,1,False,0049.JPG.parsed.txt:38
evidenter,1,False,0055.JPG.parsed.txt:22
evidentiusque,1,False,0060.JPG.parsed.txt:43
examinari,1,False,0066.JPG.parsed.txt:27
examinatis,1,False,0054.JPG.parsed.txt:4
exaudierunt,1,False,0005.JPG.parsed.txt:22
exaudirent,1,False,0005.JPG.parsed.txt:19
exceptionem,1,False,0064.JPG.parsed.txt:34
exceptionibus,1,False,0049.JPG.parsed.txt:28
exceptionis,2,False,0068.JPG.parsed.txt:11; 0068.JPG.parsed.txt:17
excipiendo,2,False,0055.JPG.parsed.txt:12; 0057.JPG.parsed.txt:11
exerceri,1,False,0061.JPG.parsed.txt:10
exhibet,1,False,0064.JPG.parsed.txt:26
existens,1,False,0064.JPG.parsed.txt:2
existimavit,1,False,0059.JPG.parsed.txt:38
exoneret,1,False,0007.JPG.parsed.txt:15
expectent,1,False,0068.JPG.parsed.txt:14
expectet,1,False,0064.JPG.parsed.txt:37
expediendum,1,False,0061.JPG.parsed.txt:31
expetere,1,False,0068.JPG.parsed.txt:21
exposcentes,1,False,0053.JPG.parsed.txt:3
exposcere,1,False,0061.JPG.parsed.txt:4
expre,1,False,0059.JPG.parsed.txt:17
expugnatione,1,False,0049.JPG.parsed.txt:20
extant,1,False,0060.JPG.parsed.txt:36
extatit,1,False,0060.JPG.parsed.txt:23
facienda,1,False,0055.JPG.parsed.txt:26
facilius,1,False,0062.JPG.parsed.txt:21
facultatem,2,False,0061.JPG.parsed.txt:32; 0062.JPG.parsed.txt:38
facultates,1,False,0060.JPG.parsed.txt:5
familiaris,1,False,0064.JPG.parsed.txt:32
famulitii,1,False,0060.JPG.parsed.txt:12
fassus,1,False,0053.JPG.parsed.txt:34
favore,1,False,0057.JPG.parsed.txt:7
fecerunt,1,False,0005.JPG.parsed.txt:14
fensi,1,False,0053.JPG.parsed.txt:28
ffurtki,1,False,0069.JPG.parsed.txt:22
fideliter,1,False,0060.JPG.parsed.txt:6
filiarum,1,False,0052.JPG.parsed.txt:35
filii,1,False,0051.JPG.parsed.txt:22
filium,2,False,0064.JPG.parsed.txt:20; 0064.JPG.parsed.txt:33
firmissimis,1,False,0055.JPG.parsed.txt:17
firmiter,1,False,0062.JPG.parsed.txt:27
firmiterque,1,False,0067.JPG.parsed.txt:10
firmo,2,False,0055.JPG.parsed.txt:32; 0058.JPG.parsed.txt:30
formauit,1,False,0056.JPG.parsed.txt:21
fratreque,1,False,0062.JPG.parsed.txt:18
fruendam,1,False,0063.JPG.parsed.txt:2
fugitivus,1,False,0054.JPG.parsed.txt:7
fundere,1,False,0058.JPG.parsed.txt:11
futuro,2,False,0049.JPG.parsed.txt:9; 0056.JPG.parsed.txt:17
futurum,1,False,0068.JPG.parsed.txt:23
ganku,2,False,0069.JPG.parsed.txt:5; 0069.JPG.parsed.txt:20
gdyby,1,False,0065.JPG.parsed.txt:29
gdzieby,1,True,0005.JPG.parsed.txt:29
generosus,1,False,0062.JPG.parsed.txt:24
generum,1,False,0056.JPG.parsed.txt:4
gentesimo,1,False,0005.JPG.parsed.txt:4
gentis,1,False,0065.JPG.parsed.txt:13
gentorum,1,False,0060.JPG.parsed.txt:16
germano,1,False,0052.JPG.parsed.txt:32
gistratus,1,False,0057.JPG.parsed.txt:2
gmyszczkowi,1,True,0069.JPG.parsed.txt:25
gnoscens,1,False,0058.JPG.parsed.txt:17
gradibus,1,False,0057.JPG.parsed.txt:10
gradus,1,False,0050.JPG.parsed.txt:32
grandaeva,1,False,0067.JPG.parsed.txt:18
gratiamque,1,False,0063.JPG.parsed.txt:18
gratoque,1,False,0055.JPG.parsed.txt:32
gressus,1,False,0061.JPG.parsed.txt:40
grossis,1,False,0049.JPG.parsed.txt:1
grossorum,1,False,0054.JPG.parsed.txt:12
habendis,2,False,0050.JPG.parsed.txt:9; 0055.JPG.parsed.txt:17
habendum,2,False,0055.JPG.parsed.txt:13; 0058.JPG.parsed.txt:21
habentibus,1,False,0059.JPG.parsed.txt:29
habentium,1,False,0055.JPG.parsed.txt:21
habitationes,1,False,0060.JPG.parsed.txt:25
habitationibus,1,False,0060.JPG.parsed.txt:32
habitis,1,False,0050.JPG.parsed.txt:8
habitura,1,False,0056.JPG.parsed.txt:19
haec,2,False,0062.JPG.parsed.txt:19; 0062.JPG.parsed.txt:20
haereditarium,1,False,0062.JPG.parsed.txt:8
haritaten,1,False,0062.JPG.parsed.txt:33
haurispere,1,False,0060.JPG.parsed.txt:32
hereditarie,1,False,0058.JPG.parsed.txt:11
hereditarium,1,False,0054.JPG.parsed.txt:31
heres,1,False,0063.JPG.parsed.txt:10
hodierno,1,False,0056.JPG.parsed.txt:22
hypotheca,1,False,0049.JPG.parsed.txt:17
iacent,1,False,0060.JPG.parsed.txt:28
iacturaque,1,False,0064.JPG.parsed.txt:32
ibidemque,2,False,0052.JPG.parsed.txt:8; 0069.JPG.parsed.txt:1
idenque,1,False,0061.JPG.parsed.txt:28
illaesam,1,False,0065.JPG.parsed.txt:17
illamque,1,False,0062.JPG.parsed.txt:27
imminendo,1,False,0060.JPG.parsed.txt:34
immobilium,2,False,0062.JPG.parsed.txt:10; 0063.JPG.parsed.txt:12
impensis,2,False,0050.JPG.parsed.txt:2; 0055.JPG.parsed.txt:24
incorporasset,1,False,0063.JPG.parsed.txt:1
incurrerit,1,False,0050.JPG.parsed.txt:5
indemnitati,1,False,0064.JPG.parsed.txt:38
indiuisas,2,False,0062.JPG.parsed.txt:14; 0062.JPG.parsed.txt:15
infectus,1,False,0005.JPG.parsed.txt:16
infirma,1,False,0059.JPG.parsed.txt:31
infrascripta,1,False,0059.JPG.parsed.txt:37
infrascriptam,1,False,0059.JPG.parsed.txt:16
infrascriptis,2,False,0049.JPG.parsed.txt:6; 0056.JPG.parsed.txt:13
ingressu,1,False,0069.JPG.parsed.txt:27
inhabitator,1,False,0057.JPG.parsed.txt:23
inquietet,1,False,0064.JPG.parsed.txt:36
inscribens,1,False,0058.JPG.parsed.txt:25
inscribi,1,False,0063.JPG.parsed.txt:8
inscripta,1,False,0057.JPG.parsed.txt:14
insertam,1,False,0055.JPG.parsed.txt:2
inseruierit,1,False,0060.JPG.parsed.txt:6
insinuarunt,1,False,0053.JPG.parsed.txt:3
insinuauit,1,False,0053.JPG.parsed.txt:4
institutione,1,False,0062.JPG.parsed.txt:37
instructoris,1,False,0062.JPG.parsed.txt:36
intercedit,1,False,0051.JPG.parsed.txt:24
interessentis,1,False,0055.JPG.parsed.txt:22
ipsomet,1,False,0049.JPG.parsed.txt:21
ipsorum,1,False,0053.JPG.parsed.txt:5
irrevocabili,1,False,0055.JPG.parsed.txt:3
isdebce,1,False,0060.JPG.parsed.txt:30
iuramen,1,False,0064.JPG.parsed.txt:12
iuramento,1,False,0066.JPG.parsed.txt:38
iustificare,1,False,0064.JPG.parsed.txt:27
iustificet,1,False,0007.JPG.parsed.txt:14
iustitia,1,False,0063.JPG.parsed.txt:7
izdebką,1,True,0069.JPG.parsed.txt:11
jowiensi,1,False,0054.JPG.parsed.txt:35
kamienicy,1,False,0006.JPG.parsed.txt:3
kazała,1,True,0064.JPG.parsed.txt:8
kierszcie,2,True,0066.JPG.parsed.txt:8; 0066.JPG.parsed.txt:11
kiersztą,1,True,0066.JPG.parsed.txt:2
kiez,1,False,0069.JPG.parsed.txt:25
klasztor,1,True,0064.JPG.parsed.txt:6
komorą,2,True,0069.JPG.parsed.txt:12; 0069.JPG.parsed.txt:13
kowic,1,False,0056.JPG.parsed.txt:10
kościele,2,True,0064.JPG.parsed.txt:7; 0064.JPG.parsed.txt:9
kościołow,1,True,0006.JPG.parsed.txt:9
krewnym,1,False,0005.JPG.parsed.txt:34
któremu,1,True,0066.JPG.parsed.txt:7
kuszni,1,True,0069.JPG.parsed.txt:6
kusznia,1,True,0069.JPG.parsed.txt:38
kwiętuią,1,True,0065.JPG.parsed.txt:31
lamario,1,False,0052.JPG.parsed.txt:2
languidam,1,False,0059.JPG.parsed.txt:15
lassowski,1,False,0062.JPG.parsed.txt:7
lationibus,1,False,0049.JPG.parsed.txt:28
legauit,1,False,0006.JPG.parsed.txt:26
legavit,1,False,0060.JPG.parsed.txt:19
legitimandi,2,False,0068.JPG.parsed.txt:12; 0068.JPG.parsed.txt:15
lepszey,1,True,0066.JPG.parsed.txt:13
lerandis,1,False,0056.JPG.parsed.txt:25
liberamque,1,False,0055.JPG.parsed.txt:9
liberauit,1,False,0058.JPG.parsed.txt:2
libereque,1,False,0058.JPG.parsed.txt:2
liberorum,1,False,0068.JPG.parsed.txt:33
liberumque,2,False,0053.JPG.parsed.txt:32; 0067.JPG.parsed.txt:34
licentia,1,False,0062.JPG.parsed.txt:29
licitum,1,False,0068.JPG.parsed.txt:20
lienses,2,False,0066.JPG.parsed.txt:24; 0066.JPG.parsed.txt:25
liquidique,2,False,0050.JPG.parsed.txt:19; 0056.JPG.parsed.txt:6
literas,1,False,0061.JPG.parsed.txt:32
litibus,1,False,0064.JPG.parsed.txt:36
longe,1,False,0061.JPG.parsed.txt:10
longo,1,False,0060.JPG.parsed.txt:8
luminne,1,False,0069.JPG.parsed.txt:26
lutumque,1,False,0049.JPG.parsed.txt:15
magis,2,False,0062.JPG.parsed.txt:27; 0062.JPG.parsed.txt:27
maiersovi,1,False,0054.JPG.parsed.txt:10
maiątku,1,True,0064.JPG.parsed.txt:8
maiętność,1,True,0064.JPG.parsed.txt:6
mandatarium,1,False,0055.JPG.parsed.txt:29
mandatum,1,False,0067.JPG.parsed.txt:11
mandavimus,1,False,0065.JPG.parsed.txt:18
manenari,1,False,0060.JPG.parsed.txt:22
manu,2,False,0006.JPG.parsed.txt:17; 0006.JPG.parsed.txt:18
manus,2,False,0051.JPG.parsed.txt:9; 0052.JPG.parsed.txt:16
mataream,1,False,0057.JPG.parsed.txt:39
matri,1,False,0067.JPG.parsed.txt:16
matrimonio,1,False,0067.JPG.parsed.txt:13
matris,1,False,0068.JPG.parsed.txt:34
matrona,1,False,0067.JPG.parsed.txt:17
mediante,1,False,0061.JPG.parsed.txt:17
medietatem,1,False,0058.JPG.parsed.txt:12
medietates,1,False,0058.JPG.parsed.txt:12
medietatis,2,False,0058.JPG.parsed.txt:22; 0058.JPG.parsed.txt:27
mediocri,1,False,0064.JPG.parsed.txt:32
meliori,1,False,0065.JPG.parsed.txt:14
memoratorum,1,False,0060.JPG.parsed.txt:35
mensis,1,False,0054.JPG.parsed.txt:36
mentis,1,False,0059.JPG.parsed.txt:31
mercari,1,False,0052.JPG.parsed.txt:6
mercatorio,1,False,0007.JPG.parsed.txt:10
mercatu,2,False,0049.JPG.parsed.txt:8; 0049.JPG.parsed.txt:11
mercibus,1,False,0049.JPG.parsed.txt:5
meritorum,1,False,0060.JPG.parsed.txt:12
mianowani,1,False,0065.JPG.parsed.txt:35
miasto,1,False,0066.JPG.parsed.txt:32
miceliu,1,False,0064.JPG.parsed.txt:36
miedzy,1,True,0069.JPG.parsed.txt:14
mieronean,1,False,0062.JPG.parsed.txt:24
mieszkam,1,True,0006.JPG.parsed.txt:3
minari,1,False,0064.JPG.parsed.txt:25
minicam,1,False,0067.JPG.parsed.txt:21
minorennen,1,False,0062.JPG.parsed.txt:6
minorennis,1,False,0062.JPG.parsed.txt:19
minuendi,1,False,0056.JPG.parsed.txt:27
minuendo,1,False,0051.JPG.parsed.txt:12
minuere,1,False,0049.JPG.parsed.txt:25
miłosierne,1,True,0006.JPG.parsed.txt:9
miłosiernych,1,True,0006.JPG.parsed.txt:13
mobilium,1,False,0062.JPG.parsed.txt:10
moderni,1,False,0057.JPG.parsed.txt:25
modisque,1,False,0055.JPG.parsed.txt:17
mogła,1,True,0006.JPG.parsed.txt:1
molestiasque,1,False,0064.JPG.parsed.txt:25
monachą,1,True,0064.JPG.parsed.txt:5
moratum,1,False,0051.JPG.parsed.txt:7
morbiumque,1,False,0005.JPG.parsed.txt:17
moribus,1,False,0061.JPG.parsed.txt:11
mortificant,1,False,0007.JPG.parsed.txt:33
mortique,1,False,0005.JPG.parsed.txt:16
msci,1,False,0005.JPG.parsed.txt:28
mundatione,1,False,0056.JPG.parsed.txt:23
mutua,1,False,0060.JPG.parsed.txt:17
nabytkiel,1,False,0065.JPG.parsed.txt:29
narowska,1,False,0052.JPG.parsed.txt:4
nastią,1,True,0006.JPG.parsed.txt:12
naszą,1,True,0066.JPG.parsed.txt:2
naszę,1,True,0066.JPG.parsed.txt:13
naturalem,1,False,0064.JPG.parsed.txt:20
naturali,1,False,0052.JPG.parsed.txt:31
neatoris,1,False,0068.JPG.parsed.txt:37
necnon,1,False,0060.JPG.parsed.txt:8
neficiis,1,False,0049.JPG.parsed.txt:29
neglecta,1,False,0050.JPG.parsed.txt:5
neglectum,1,False,0049.JPG.parsed.txt:32
negoce,1,False,0061.JPG.parsed.txt:31
nempe,1,False,0062.JPG.parsed.txt:18
nemque,1,False,0007.JPG.parsed.txt:33
nescior,1,False,0064.JPG.parsed.txt:29
nich,1,False,0005.JPG.parsed.txt:33
niebespiecznego,1,True,0005.JPG.parsed.txt:27
niedawno,1,False,0064.JPG.parsed.txt:3
niemaią,1,True,0065.JPG.parsed.txt:32
niemieli,1,False,0065.JPG.parsed.txt:29
niemocy,1,False,0005.JPG.parsed.txt:29
nihilominus,1,False,0068.JPG.parsed.txt:2
nimirum,1,False,0060.JPG.parsed.txt:15
nocendo,1,False,0052.JPG.parsed.txt:18
nominatim,1,False,0062.JPG.parsed.txt:40
nominatum,1,False,0062.JPG.parsed.txt:30
nonagesimo,1,False,0005.JPG.parsed.txt:4
nondum,1,False,0007.JPG.parsed.txt:8
nullam,1,False,0056.JPG.parsed.txt:19
numerare,1,False,0050.JPG.parsed.txt:6
nuncium,1,False,0005.JPG.parsed.txt:18
nuncupata,2,False,0056.JPG.parsed.txt:35; 0060.JPG.parsed.txt:27
nuptiarum,2,False,0007.JPG.parsed.txt:24; 0051.JPG.parsed.txt:18
nych,1,False,0006.JPG.parsed.txt:8
obadwa,1,False,0065.JPG.parsed.txt:25
obierze,1,True,0069.JPG.parsed.txt:11
obiit,1,False,0067.JPG.parsed.txt:15
obitum,1,False,0062.JPG.parsed.txt:21
oblicznie,2,True,0065.JPG.parsed.txt:24; 0066.JPG.parsed.txt:1
obliga,1,False,0056.JPG.parsed.txt:10
obligando,1,False,0058.JPG.parsed.txt:26
obligare,1,False,0051.JPG.parsed.txt:3
obligata,1,False,0052.JPG.parsed.txt:16
obligationis,1,False,0056.JPG.parsed.txt:27
obligatorio,1,False,0057.JPG.parsed.txt:24
obligatorium,1,False,0056.JPG.parsed.txt:34
obligauerat,1,False,0053.JPG.parsed.txt:10
obligavit,2,False,0049.JPG.parsed.txt:17; 0055.JPG.parsed.txt:17
obracaią,1,True,0065.JPG.parsed.txt:29
obrocić,2,True,0006.JPG.parsed.txt:1; 0066.JPG.parsed.txt:9
obser,1,False,0063.JPG.parsed.txt:18
obseruaturum,1,False,0058.JPG.parsed.txt:31
observatu,1,False,0055.JPG.parsed.txt:32
obstante,2,False,0050.JPG.parsed.txt:3; 0055.JPG.parsed.txt:23
obtenti,1,False,0051.JPG.parsed.txt:39
obtentis,1,False,0057.JPG.parsed.txt:10
obtinend,1,False,0056.JPG.parsed.txt:24
obtinuerunt,1,False,0063.JPG.parsed.txt:9
obtulisse,1,False,0054.JPG.parsed.txt:8
occasione,2,False,0007.JPG.parsed.txt:2; 0054.JPG.parsed.txt:2
octoginta,1,False,0052.JPG.parsed.txt:13
oddała,1,True,0064.JPG.parsed.txt:7
odkasuie,1,False,0005.JPG.parsed.txt:32
odpuścił,1,True,0064.JPG.parsed.txt:5
offerebat,1,False,0064.JPG.parsed.txt:28
officiosiss,1,False,0064.JPG.parsed.txt:29
oltarzey,1,True,0069.JPG.parsed.txt:6
omissa,1,False,0050.JPG.parsed.txt:4
omissis,1,False,0068.JPG.parsed.txt:14
omisso,1,False,0068.JPG.parsed.txt:17
omnissorum,1,False,0060.JPG.parsed.txt:43
opera,1,False,0006.JPG.parsed.txt:26
opiekania,1,False,0006.JPG.parsed.txt:12
orbitatem,1,False,0051.JPG.parsed.txt:21
orphanum,1,False,0064.JPG.parsed.txt:35
ostatniey,1,False,0006.JPG.parsed.txt:12
pacifica,2,False,0049.JPG.parsed.txt:35; 0051.JPG.parsed.txt:5
pacificam,1,False,0050.JPG.parsed.txt:30
pannarium,1,False,0054.JPG.parsed.txt:10
pannicidialem,1,False,0058.JPG.parsed.txt:12
pannicidiales,1,False,0058.JPG.parsed.txt:13
paratam,1,False,0064.JPG.parsed.txt:28
parentibusque,1,False,0062.JPG.parsed.txt:12
parentum,1,False,0062.JPG.parsed.txt:21
partibus,2,False,0052.JPG.parsed.txt:4; 0068.JPG.parsed.txt:35
partium,2,False,0054.JPG.parsed.txt:3; 0057.JPG.parsed.txt:26
patratar,1,False,0062.JPG.parsed.txt:22
patri,1,False,0062.JPG.parsed.txt:17
penitus,1,False,0049.JPG.parsed.txt:37
pensionem,1,False,0049.JPG.parsed.txt:12
pensiones,1,False,0049.JPG.parsed.txt:14
pensionibus,1,False,0049.JPG.parsed.txt:6
percoma,1,False,0007.JPG.parsed.txt:11
peremptorio,1,False,0068.JPG.parsed.txt:18
perhibendum,1,False,0067.JPG.parsed.txt:6
pericula,1,False,0065.JPG.parsed.txt:15
permanente,1,False,0060.JPG.parsed.txt:19
permissia,1,False,0056.JPG.parsed.txt:27
permoveruntibus,1,False,0060.JPG.parsed.txt:4
perpensis,1,False,0054.JPG.parsed.txt:3
persolutionem,1,False,0057.JPG.parsed.txt:29
pervenerint,1,False,0049.JPG.parsed.txt:34
perveniret,1,False,0060.JPG.parsed.txt:2
pestifera,1,False,0005.JPG.parsed.txt:15
pestiferi,1,False,0006.JPG.parsed.txt:20
pestifero,2,False,0005.JPG.parsed.txt:9; 0005.JPG.parsed.txt:12
petierunt,2,False,0053.JPG.parsed.txt:18; 0063.JPG.parsed.txt:8
pewnie,1,False,0064.JPG.parsed.txt:10
pewnosci,1,False,0066.JPG.parsed.txt:13
piec,2,False,0069.JPG.parsed.txt:8; 0069.JPG.parsed.txt:36
piecowi,1,False,0069.JPG.parsed.txt:7
pieczęcią,1,True,0065.JPG.parsed.txt:37
piekunami,1,False,0006.JPG.parsed.txt:11
pignoribus,2,False,0049.JPG.parsed.txt:5; 0056.JPG.parsed.txt:12
pisana,1,False,0065.JPG.parsed.txt:35
pisces,2,False,0007.JPG.parsed.txt:7; 0007.JPG.parsed.txt:9
piscinis,1,False,0007.JPG.parsed.txt:7
plene,1,False,0007.JPG.parsed.txt:8
plenissima,1,False,0063.JPG.parsed.txt:17
plenum,2,False,0006.JPG.parsed.txt:21; 0062.JPG.parsed.txt:7
plura,1,False,0063.JPG.parsed.txt:2
plurimo,1,False,0061.JPG.parsed.txt:6
pobrocznym,1,True,0069.JPG.parsed.txt:34
pochowana,1,False,0064.JPG.parsed.txt:9
pochować,1,True,0064.JPG.parsed.txt:7
podle,1,False,0069.JPG.parsed.txt:6
pokazali,1,False,0065.JPG.parsed.txt:34
polienses,1,False,0007.JPG.parsed.txt:25
poliensis,2,False,0059.JPG.parsed.txt:20; 0065.JPG.parsed.txt:5
porrectam,1,False,0005.JPG.parsed.txt:22
posses,1,False,0051.JPG.parsed.txt:5
possidebunt,1,False,0057.JPG.parsed.txt:28
possidendum,2,False,0055.JPG.parsed.txt:13; 0058.JPG.parsed.txt:21
posterio,1,False,0068.JPG.parsed.txt:2
posterioribus,1,False,0050.JPG.parsed.txt:3
posteritati,1,False,0063.JPG.parsed.txt:13
postoli,1,False,0049.JPG.parsed.txt:8
postridie,1,False,0055.JPG.parsed.txt:1
postulavit,1,False,0005.JPG.parsed.txt:17
potentem,1,False,0058.JPG.parsed.txt:28
powietrze,1,True,0064.JPG.parsed.txt:6
powinnicztery,1,True,0006.JPG.parsed.txt:8
połowica,1,True,0069.JPG.parsed.txt:7
pożytek,1,True,0006.JPG.parsed.txt:1
praedie,1,False,0068.JPG.parsed.txt:16
praefertur,1,False,0060.JPG.parsed.txt:33
praenominati,1,False,0060.JPG.parsed.txt:24
praenominatis,1,False,0062.JPG.parsed.txt:12
praenominatus,2,False,0055.JPG.parsed.txt:27; 0061.JPG.parsed.txt:3
praescriptione,1,False,0055.JPG.parsed.txt:23
praesidebit,1,False,0058.JPG.parsed.txt:30
praesidentem,1,False,0055.JPG.parsed.txt:31
praeterea,1,False,0057.JPG.parsed.txt:9
praeterite,1,False,0007.JPG.parsed.txt:30
praeterito,1,False,0005.JPG.parsed.txt:9
praetextu,2,False,0055.JPG.parsed.txt:21; 0062.JPG.parsed.txt:23
praevia,1,False,0059.JPG.parsed.txt:31
precauit,1,False,0064.JPG.parsed.txt:34
preiudicio,1,False,0064.JPG.parsed.txt:31
primarum,1,False,0051.JPG.parsed.txt:16
primum,1,False,0053.JPG.parsed.txt:19
priorem,1,False,0049.JPG.parsed.txt:12
prioris,1,False,0051.JPG.parsed.txt:25
priusquam,1,False,0060.JPG.parsed.txt:35
probatam,1,False,0059.JPG.parsed.txt:15
probis,1,False,0006.JPG.parsed.txt:21
proccurata,1,False,0006.JPG.parsed.txt:27
procreasse,1,False,0067.JPG.parsed.txt:14
proeualen,1,False,0064.JPG.parsed.txt:38
professa,1,False,0059.JPG.parsed.txt:18
professam,1,False,0005.JPG.parsed.txt:22
proinde,2,False,0064.JPG.parsed.txt:20; 0064.JPG.parsed.txt:33
proliam,1,False,0062.JPG.parsed.txt:6
prompta,2,False,0049.JPG.parsed.txt:5; 0056.JPG.parsed.txt:11
promptgato,1,False,0007.JPG.parsed.txt:6
pronun,1,False,0057.JPG.parsed.txt:17
pronunciauit,2,False,0053.JPG.parsed.txt:32; 0067.JPG.parsed.txt:35
pronunciavit,1,False,0055.JPG.parsed.txt:9
pronunctiant,1,False,0007.JPG.parsed.txt:34
propinquam,1,False,0059.JPG.parsed.txt:39
propinquarum,2,False,0049.JPG.parsed.txt:37; 0055.JPG.parsed.txt:19
propinquas,1,False,0062.JPG.parsed.txt:13
propinquitatis,1,False,0055.JPG.parsed.txt:20
propinquum,1,False,0005.JPG.parsed.txt:16
propositionem,1,False,0068.JPG.parsed.txt:19
propositionis,1,False,0068.JPG.parsed.txt:18
proprietate,2,False,0055.JPG.parsed.txt:11; 0058.JPG.parsed.txt:20
propugnaculum,1,False,0052.JPG.parsed.txt:6
prosić,1,True,0064.JPG.parsed.txt:4
prosił,1,True,0065.JPG.parsed.txt:36
protestata,1,False,0064.JPG.parsed.txt:22
protestati,1,False,0057.JPG.parsed.txt:26
protestationi,1,False,0057.JPG.parsed.txt:26
provenientis,1,False,0007.JPG.parsed.txt:30
providere,1,False,0060.JPG.parsed.txt:3
provideremus,1,False,0051.JPG.parsed.txt:26
przednia,1,True,0069.JPG.parsed.txt:37
przednie,1,True,0069.JPG.parsed.txt:18
przeszłego,1,True,0064.JPG.parsed.txt:3
przezre,1,True,0006.JPG.parsed.txt:13
przełożył,1,True,0066.JPG.parsed.txt:3
prziscie,1,True,0069.JPG.parsed.txt:8
prznagabywać,1,True,0065.JPG.parsed.txt:32
przynagabania,1,True,0066.JPG.parsed.txt:12
puncta,1,False,0049.JPG.parsed.txt:27
pupillo,2,False,0051.JPG.parsed.txt:25; 0051.JPG.parsed.txt:28
pułcwierci,1,True,0069.JPG.parsed.txt:12
pułdziesiąta,1,True,0069.JPG.parsed.txt:33
puścić,1,True,0064.JPG.parsed.txt:10
płacił,1,True,0065.JPG.parsed.txt:26
quadraginta,1,False,0054.JPG.parsed.txt:11
quadring,1,False,0060.JPG.parsed.txt:15
quadringe,1,False,0061.JPG.parsed.txt:4
quamprimum,1,False,0049.JPG.parsed.txt:14
quandiu,1,False,0056.JPG.parsed.txt:26
quandoque,1,False,0049.JPG.parsed.txt:22
quantitate,1,False,0054.JPG.parsed.txt:5
quantum,2,False,0063.JPG.parsed.txt:6; 0068.JPG.parsed.txt:2
quarumlibet,1,False,0058.JPG.parsed.txt:23
quarumuis,1,False,0058.JPG.parsed.txt:25
quarumvis,1,False,0049.JPG.parsed.txt:36
quasuis,1,False,0058.JPG.parsed.txt:22
quavis,2,False,0050.JPG.parsed.txt:3; 0055.JPG.parsed.txt:23
quemadmodum,1,False,0049.JPG.parsed.txt:25
quemlibet,1,False,0049.JPG.parsed.txt:1
quemquam,1,False,0062.JPG.parsed.txt:23
quibusuis,1,False,0062.JPG.parsed.txt:39
quidemvis,1,False,0059.JPG.parsed.txt:31
quietauerunt,1,False,0007.JPG.parsed.txt:32
quietisue,1,False,0064.JPG.parsed.txt:38
quindecim,1,False,0054.JPG.parsed.txt:12
quocumque,1,False,0064.JPG.parsed.txt:27
quomodolibet,1,False,0062.JPG.parsed.txt:14
quoscunque,1,False,0055.JPG.parsed.txt:14
quoties,2,False,0050.JPG.parsed.txt:2; 0051.JPG.parsed.txt:7
raczyl,1,True,0005.JPG.parsed.txt:30
ratifi,1,False,0060.JPG.parsed.txt:40
ratificando,1,False,0062.JPG.parsed.txt:28
ratificaturum,1,False,0060.JPG.parsed.txt:15
ratihabitio,1,False,0058.JPG.parsed.txt:8
rationibus,1,False,0060.JPG.parsed.txt:4
realisationis,1,False,0060.JPG.parsed.txt:22
reassumpsit,1,False,0064.JPG.parsed.txt:13
recipere,1,False,0057.JPG.parsed.txt:22
recogni,1,False,0062.JPG.parsed.txt:31
recognita,1,False,0063.JPG.parsed.txt:4
recogniti,1,False,0067.JPG.parsed.txt:32
recognitionem,1,False,0062.JPG.parsed.txt:25
recompensam,1,False,0060.JPG.parsed.txt:12
recte,2,False,0006.JPG.parsed.txt:27; 0062.JPG.parsed.txt:19
reddiderunt,1,False,0068.JPG.parsed.txt:24
reformati,1,False,0050.JPG.parsed.txt:26
reformavit,1,False,0049.JPG.parsed.txt:17
refu,1,False,0060.JPG.parsed.txt:22
refusa,1,False,0060.JPG.parsed.txt:33
regularem,2,False,0062.JPG.parsed.txt:3; 0062.JPG.parsed.txt:34
religio,1,False,0063.JPG.parsed.txt:7
religione,1,False,0062.JPG.parsed.txt:33
religiosas,1,False,0063.JPG.parsed.txt:6
religiosoque,1,False,0062.JPG.parsed.txt:31
relinquendo,1,False,0068.JPG.parsed.txt:3
reliquit,1,False,0067.JPG.parsed.txt:16
remota,1,False,0055.JPG.parsed.txt:19
remotiorum,1,False,0049.JPG.parsed.txt:37
rendus,1,False,0062.JPG.parsed.txt:24
renuentionem,1,False,0052.JPG.parsed.txt:15
renunciavit,1,False,0049.JPG.parsed.txt:30
repraesentanti,1,False,0051.JPG.parsed.txt:25
requisita,1,False,0067.JPG.parsed.txt:7
reser,2,False,0054.JPG.parsed.txt:8; 0057.JPG.parsed.txt:11
reseruato,1,False,0069.JPG.parsed.txt:26
reservando,1,False,0055.JPG.parsed.txt:12
residentem,1,False,0063.JPG.parsed.txt:17
residentiam,2,False,0061.JPG.parsed.txt:25; 0066.JPG.parsed.txt:25
resignandam,1,False,0063.JPG.parsed.txt:14
resignationem,2,False,0055.JPG.parsed.txt:24; 0058.JPG.parsed.txt:26
respicientes,1,False,0006.JPG.parsed.txt:20
respondendum,1,False,0068.JPG.parsed.txt:21
respondere,1,False,0068.JPG.parsed.txt:20
restas,1,False,0050.JPG.parsed.txt:20
retrocessit,1,False,0057.JPG.parsed.txt:13
reue,1,False,0062.JPG.parsed.txt:23
reuocationis,1,False,0061.JPG.parsed.txt:14
reuocetur,1,False,0062.JPG.parsed.txt:23
reverentiis,1,False,0060.JPG.parsed.txt:3
revocat,1,False,0061.JPG.parsed.txt:13
rewersam,1,False,0069.JPG.parsed.txt:16
rifex,1,False,0050.JPG.parsed.txt:18
riło,1,True,0066.JPG.parsed.txt:33
riłowi,1,True,0066.JPG.parsed.txt:8
robur,1,False,0061.JPG.parsed.txt:13
rombis,1,False,0060.JPG.parsed.txt:11
roskazalismy,1,False,0066.JPG.parsed.txt:14
roywozdey,1,False,0065.JPG.parsed.txt:35
rrendarium,1,False,0053.JPG.parsed.txt:3
ruchome,1,False,0005.JPG.parsed.txt:30
ruszyć,1,True,0006.JPG.parsed.txt:5
rzeczy,2,True,0005.JPG.parsed.txt:30; 0005.JPG.parsed.txt:34
sabbato,2,False,0053.JPG.parsed.txt:9; 0067.JPG.parsed.txt:20
sadku,1,False,0069.JPG.parsed.txt:26
salifonum,1,False,0007.JPG.parsed.txt:4
salue,1,False,0069.JPG.parsed.txt:26
salva,2,False,0054.JPG.parsed.txt:8; 0060.JPG.parsed.txt:17
samego,1,False,0066.JPG.parsed.txt:11
sanus,1,False,0056.JPG.parsed.txt:33
satisfecerit,1,False,0056.JPG.parsed.txt:18
scendit,1,False,0058.JPG.parsed.txt:24
schodem,1,False,0069.JPG.parsed.txt:31
schodziczy,1,True,0069.JPG.parsed.txt:39
scianami,1,False,0069.JPG.parsed.txt:14
sciecłowu,1,True,0069.JPG.parsed.txt:23
scripto,1,False,0005.JPG.parsed.txt:21
secretions,1,False,0060.JPG.parsed.txt:31
secu,2,False,0060.JPG.parsed.txt:17; 0065.JPG.parsed.txt:14
securitatis,1,False,0049.JPG.parsed.txt:16
sedecim,1,False,0007.JPG.parsed.txt:4
sedulis,1,False,0061.JPG.parsed.txt:7
sedulo,1,False,0060.JPG.parsed.txt:6
semestri,1,False,0062.JPG.parsed.txt:2
senecta,1,False,0060.JPG.parsed.txt:7
sensit,1,False,0060.JPG.parsed.txt:42
senten,1,False,0061.JPG.parsed.txt:16
septimanas,1,False,0007.JPG.parsed.txt:12
septua,1,False,0050.JPG.parsed.txt:27
sequende,1,False,0061.JPG.parsed.txt:6
serres,1,False,0061.JPG.parsed.txt:36
servitij,1,False,0061.JPG.parsed.txt:9
servitijs,1,False,0061.JPG.parsed.txt:8
seseque,1,False,0064.JPG.parsed.txt:27
sexaginta,1,False,0053.JPG.parsed.txt:27
sexcentis,1,False,0067.JPG.parsed.txt:30
sibique,1,False,0060.JPG.parsed.txt:10
sidebce,1,False,0060.JPG.parsed.txt:29
sidebre,1,False,0060.JPG.parsed.txt:29
siedmsset,1,False,0066.JPG.parsed.txt:5
siemią,1,True,0069.JPG.parsed.txt:37
sigillo,1,False,0059.JPG.parsed.txt:20
sigillum,1,False,0060.JPG.parsed.txt:43
signifi,1,False,0062.JPG.parsed.txt:16
signum,1,False,0054.JPG.parsed.txt:4
silium,1,False,0052.JPG.parsed.txt:33
simplicem,1,False,0050.JPG.parsed.txt:7
simpliciter,1,False,0062.JPG.parsed.txt:15
simulque,1,False,0049.JPG.parsed.txt:14
singula,1,False,0049.JPG.parsed.txt:27
singularum,1,False,0055.JPG.parsed.txt:19
siones,1,False,0064.JPG.parsed.txt:30
sklep,1,False,0060.JPG.parsed.txt:30
sklepikowe,1,False,0069.JPG.parsed.txt:20
sklepista,2,False,0069.JPG.parsed.txt:4; 0069.JPG.parsed.txt:37
skomorą,1,True,0069.JPG.parsed.txt:32
soknem,1,False,0069.JPG.parsed.txt:29
solet,1,False,0064.JPG.parsed.txt:25
soluendae,1,False,0054.JPG.parsed.txt:6
soluendam,1,False,0054.JPG.parsed.txt:8
soluendo,1,False,0050.JPG.parsed.txt:28
soluere,1,False,0050.JPG.parsed.txt:6
soluta,1,False,0068.JPG.parsed.txt:20
solutione,1,False,0058.JPG.parsed.txt:1
soluturum,1,False,0049.JPG.parsed.txt:4
solventur,1,False,0060.JPG.parsed.txt:22
solvere,1,False,0049.JPG.parsed.txt:15
solverit,1,False,0049.JPG.parsed.txt:13
sonaliter,1,False,0061.JPG.parsed.txt:3
soror,1,False,0062.JPG.parsed.txt:22
sororem,1,False,0062.JPG.parsed.txt:5
sorores,1,False,0063.JPG.parsed.txt:1
sorori,1,False,0062.JPG.parsed.txt:16
sortem,2,False,0054.JPG.parsed.txt:31; 0055.JPG.parsed.txt:21
sortemque,1,False,0067.JPG.parsed.txt:15
sortibus,1,False,0053.JPG.parsed.txt:7
sortis,2,False,0055.JPG.parsed.txt:25; 0056.JPG.parsed.txt:7
spalili,1,False,0066.JPG.parsed.txt:32
spalił,1,True,0066.JPG.parsed.txt:34
spatium,1,False,0050.JPG.parsed.txt:10
specificatos,1,False,0051.JPG.parsed.txt:9
sperans,1,False,0061.JPG.parsed.txt:9
spitionibus,1,False,0053.JPG.parsed.txt:18
spoponderunt,1,False,0068.JPG.parsed.txt:23
ssowa,1,False,0055.JPG.parsed.txt:8
stabellum,1,False,0052.JPG.parsed.txt:5
stando,1,False,0050.JPG.parsed.txt:4
stans,2,False,0051.JPG.parsed.txt:29; 0061.JPG.parsed.txt:2
statim,2,False,0060.JPG.parsed.txt:16; 0068.JPG.parsed.txt:19
statu,2,False,0049.JPG.parsed.txt:29; 0067.JPG.parsed.txt:15
statuit,2,False,0051.JPG.parsed.txt:10; 0062.JPG.parsed.txt:28
stituet,1,False,0007.JPG.parsed.txt:14
stituit,1,False,0055.JPG.parsed.txt:28
stodis,1,False,0063.JPG.parsed.txt:30
stoiących,2,True,0006.JPG.parsed.txt:2; 0006.JPG.parsed.txt:8
stophori,1,False,0006.JPG.parsed.txt:30
stuba,1,False,0059.JPG.parsed.txt:29
stunt,1,False,0063.JPG.parsed.txt:15
substantias,1,False,0060.JPG.parsed.txt:5
substitutus,1,False,0052.JPG.parsed.txt:26
subtenere,1,False,0051.JPG.parsed.txt:3
suburbio,1,False,0052.JPG.parsed.txt:5
succedio,1,False,0055.JPG.parsed.txt:20
succesqs,1,False,0060.JPG.parsed.txt:10
sucusque,1,False,0053.JPG.parsed.txt:12
sufficienti,1,False,0058.JPG.parsed.txt:1
sufficientissime,1,False,0057.JPG.parsed.txt:8
sularem,1,False,0061.JPG.parsed.txt:38
sulina,1,False,0066.JPG.parsed.txt:17
sumptibus,2,False,0050.JPG.parsed.txt:2; 0055.JPG.parsed.txt:24
superiore,2,False,0061.JPG.parsed.txt:30; 0062.JPG.parsed.txt:38
superiores,1,False,0063.JPG.parsed.txt:18
superiori,1,False,0062.JPG.parsed.txt:3
superioribus,2,False,0050.JPG.parsed.txt:23; 0068.JPG.parsed.txt:10
superius,1,False,0007.JPG.parsed.txt:29
superstiti,1,False,0062.JPG.parsed.txt:18
superstitis,1,False,0054.JPG.parsed.txt:28
supplebatur,1,False,0006.JPG.parsed.txt:22
supranominatae,1,False,0058.JPG.parsed.txt:27
suprascriptum,1,False,0062.JPG.parsed.txt:31
surrogatione,1,False,0006.JPG.parsed.txt:15
susceperunt,2,False,0007.JPG.parsed.txt:16; 0054.JPG.parsed.txt:13
suscepturum,2,False,0055.JPG.parsed.txt:32; 0058.JPG.parsed.txt:31
suscipere,1,False,0006.JPG.parsed.txt:24
suscipi,1,False,0065.JPG.parsed.txt:18
swiadkiem,1,False,0069.JPG.parsed.txt:18
swoiego,1,False,0066.JPG.parsed.txt:7
swoim,1,False,0066.JPG.parsed.txt:3
swoię,1,True,0064.JPG.parsed.txt:6
synowi,1,False,0064.JPG.parsed.txt:15
szafunku,1,True,0006.JPG.parsed.txt:13
szedł,1,True,0064.JPG.parsed.txt:4
szeroko,1,True,0069.JPG.parsed.txt:35
szeroky,1,True,0069.JPG.parsed.txt:15
słowa,1,True,0065.JPG.parsed.txt:38
słowanta,1,True,0069.JPG.parsed.txt:38
takze,1,False,0069.JPG.parsed.txt:10
tamdiu,1,False,0051.JPG.parsed.txt:3
tassowski,1,False,0051.JPG.parsed.txt:24
tecostes,1,False,0056.JPG.parsed.txt:17
temporalium,1,False,0062.JPG.parsed.txt:9
tempus,1,False,0006.JPG.parsed.txt:26
tenebunt,1,False,0057.JPG.parsed.txt:28
tenendit,1,False,0056.JPG.parsed.txt:24
tenendum,2,False,0055.JPG.parsed.txt:13; 0058.JPG.parsed.txt:21
tenens,2,False,0005.JPG.parsed.txt:9; 0006.JPG.parsed.txt:15
tenente,2,False,0057.JPG.parsed.txt:24; 0059.JPG.parsed.txt:33
teneret,1,False,0059.JPG.parsed.txt:9
terasznieyszego,1,True,0065.JPG.parsed.txt:36
teraz,1,False,0064.JPG.parsed.txt:2
tergiversationibus,1,False,0049.JPG.parsed.txt:28
termini,1,False,0053.JPG.parsed.txt:19
terrestri,1,False,0059.JPG.parsed.txt:29
testami,1,False,0006.JPG.parsed.txt:28
testificarentur,1,False,0005.JPG.parsed.txt:20
teyże,1,True,0006.JPG.parsed.txt:3
tholomeo,1,False,0059.JPG.parsed.txt:14
tionali,1,False,0064.JPG.parsed.txt:36
tissimae,1,False,0054.JPG.parsed.txt:15
tolerare,1,False,0005.JPG.parsed.txt:17
tomkami,1,False,0065.JPG.parsed.txt:34
toties,1,False,0055.JPG.parsed.txt:22
transfudit,2,False,0055.JPG.parsed.txt:3; 0057.JPG.parsed.txt:12
tres,1,False,0069.JPG.parsed.txt:1
trigin,1,False,0049.JPG.parsed.txt:1
triginta,1,False,0007.JPG.parsed.txt:27
trzemesiesznia,1,True,0065.JPG.parsed.txt:28
trzymał,1,True,0064.JPG.parsed.txt:3
tubingis,1,False,0052.JPG.parsed.txt:7
tuendo,1,False,0049.JPG.parsed.txt:26
tutelis,1,False,0062.JPG.parsed.txt:22
tuturus,1,False,0055.JPG.parsed.txt:22
tych,2,False,0006.JPG.parsed.txt:13; 0066.JPG.parsed.txt:6
tycze,1,True,0006.JPG.parsed.txt:2
tymze,1,False,0069.JPG.parsed.txt:16
tysiąca,1,True,0066.JPG.parsed.txt:5
uaturos,1,False,0063.JPG.parsed.txt:19
uczciwe,1,True,0005.JPG.parsed.txt:31
uczynki,1,True,0006.JPG.parsed.txt:9
uczynkow,1,True,0006.JPG.parsed.txt:13
uico,1,False,0058.JPG.parsed.txt:21
uiensis,1,False,0058.JPG.parsed.txt:29
ultro,1,False,0050.JPG.parsed.txt:29
unanimiter,1,False,0059.JPG.parsed.txt:36
universum,1,False,0055.JPG.parsed.txt:10
uoestrenj,1,False,0061.JPG.parsed.txt:28
uolutiones,1,False,0062.JPG.parsed.txt:9
upominać,1,True,0065.JPG.parsed.txt:32
uratował,1,True,0066.JPG.parsed.txt:34
urodzonego,1,True,0065.JPG.parsed.txt:22
ussioni,1,False,0060.JPG.parsed.txt:28
usufructionem,1,False,0050.JPG.parsed.txt:30
usughutus,1,False,0060.JPG.parsed.txt:34
ususfru,1,False,0049.JPG.parsed.txt:24
utendum,1,False,0055.JPG.parsed.txt:13
utie,1,False,0054.JPG.parsed.txt:13
utifruetur,1,False,0057.JPG.parsed.txt:28
utrasque,1,False,0049.JPG.parsed.txt:14
utrinque,1,False,0049.JPG.parsed.txt:19
utrisque,1,False,0052.JPG.parsed.txt:5
uxor,2,False,0059.JPG.parsed.txt:30; 0062.JPG.parsed.txt:7
varios,1,False,0065.JPG.parsed.txt:15
vasis,1,False,0007.JPG.parsed.txt:4
vbicunque,1,False,0062.JPG.parsed.txt:11
vendendi,1,False,0055.JPG.parsed.txt:14
vendicantium,1,False,0049.JPG.parsed.txt:38
venerit,1,False,0068.JPG.parsed.txt:16
veniens,1,False,0061.JPG.parsed.txt:25
venturo,2,False,0049.JPG.parsed.txt:11; 0056.JPG.parsed.txt:15
veritate,1,False,0063.JPG.parsed.txt:7
veritatis,1,False,0067.JPG.parsed.txt:6
versus,2,False,0052.JPG.parsed.txt:6; 0059.JPG.parsed.txt:29
viceversa,1,False,0057.JPG.parsed.txt:5
vicibus,1,False,0056.JPG.parsed.txt:12
victus,1,False,0049.JPG.parsed.txt:31
videret,1,False,0005.JPG.parsed.txt:17
vigilia,1,False,0050.JPG.parsed.txt:24
vigore,2,False,0052.JPG.parsed.txt:8; 0053.JPG.parsed.txt:14
virginali,1,False,0067.JPG.parsed.txt:15
vlterius,1,False,0068.JPG.parsed.txt:17
vmarła,1,True,0064.JPG.parsed.txt:6
vniuersum,1,False,0058.JPG.parsed.txt:20
vocare,1,False,0064.JPG.parsed.txt:31
vocata,1,False,0049.JPG.parsed.txt:18
vocatam,1,False,0050.JPG.parsed.txt:31
volens,1,False,0061.JPG.parsed.txt:13
voluerit,1,False,0051.JPG.parsed.txt:2
voluit,1,False,0064.JPG.parsed.txt:31
vtacitque,1,False,0061.JPG.parsed.txt:36
vtifruendum,1,False,0058.JPG.parsed.txt:21
vtrinque,2,False,0068.JPG.parsed.txt:23; 0068.JPG.parsed.txt:38
vult,1,False,0056.JPG.parsed.txt:13
wczesney,1,True,0006.JPG.parsed.txt:3
wewiedziono,1,True,0065.JPG.parsed.txt:37
wiary,1,False,0066.JPG.parsed.txt:13
wieczne,1,True,0006.JPG.parsed.txt:2
wiecznym,1,True,0005.JPG.parsed.txt:33
wiek,1,False,0065.JPG.parsed.txt:30
winien,1,False,0065.JPG.parsed.txt:27
winni,1,False,0065.JPG.parsed.txt:30
winniczney,1,True,0069.JPG.parsed.txt:6
wizbie,1,False,0069.JPG.parsed.txt:36
wmurze,1,True,0069.JPG.parsed.txt:30
wniwecz,1,True,0065.JPG.parsed.txt:29
woddle,1,False,0006.JPG.parsed.txt:9
wolno,1,False,0066.JPG.parsed.txt:8
wolnym,1,False,0069.JPG.parsed.txt:9
wprowadzić,1,True,0064.JPG.parsed.txt:8
wrocić,2,True,0065.JPG.parsed.txt:30; 0066.JPG.parsed.txt:35
wroty,1,False,0069.JPG.parsed.txt:34
wrzwiow,1,True,0069.JPG.parsed.txt:6
wrzwiu,2,True,0069.JPG.parsed.txt:5; 0069.JPG.parsed.txt:10
wszakze,1,True,0005.JPG.parsed.txt:27
wszystek,1,True,0069.JPG.parsed.txt:32
wszystkie,1,True,0005.JPG.parsed.txt:30
wszystkim,1,True,0069.JPG.parsed.txt:36
wtrzywaniu,1,True,0006.JPG.parsed.txt:5
wtych,1,False,0006.JPG.parsed.txt:7
wyciągnienia,1,True,0066.JPG.parsed.txt:7
wyiasd,1,False,0069.JPG.parsed.txt:39
wykona,1,False,0064.JPG.parsed.txt:11
wyymuiac,1,False,0005.JPG.parsed.txt:32
wzdluz,1,False,0069.JPG.parsed.txt:11
wzdłuz,1,True,0069.JPG.parsed.txt:33
wzemi,1,False,0069.JPG.parsed.txt:19
zachowanie,1,False,0005.JPG.parsed.txt:31
zadnych,1,False,0005.JPG.parsed.txt:32
zapisuie,2,False,0005.JPG.parsed.txt:32; 0006.JPG.parsed.txt:4
zapłatę,1,True,0065.JPG.parsed.txt:26
zarazy,1,False,0064.JPG.parsed.txt:10
zdało,1,True,0006.JPG.parsed.txt:1
zeszło,1,True,0064.JPG.parsed.txt:11
zeznali,2,False,0006.JPG.parsed.txt:7; 0065.JPG.parsed.txt:25
zeznał,1,True,0066.JPG.parsed.txt:6
zgołebnikiem,1,True,0069.JPG.parsed.txt:33
znawam,1,False,0005.JPG.parsed.txt:29
zodbaciłem,1,True,0069.JPG.parsed.txt:32
zostawiwszy,1,True,0069.JPG.parsed.txt:7
zostawuiac,1,False,0005.JPG.parsed.txt:34
zołnierzika,1,True,0069.JPG.parsed.txt:19
zupełną,1,True,0065.JPG.parsed.txt:26
zwiasd,1,False,0069.JPG.parsed.txt:39
złotych,1,True,0006.JPG.parsed.txt:9
Łaski,1,True,0065.JPG.parsed.txt:38
łokcia,1,True,0069.JPG.parsed.txt:33
łokieć,1,True,0069.JPG.parsed.txt:12
łożyć,1,True,0066.JPG.parsed.txt:14
Śniatyński,1,True,0066.JPG.parsed.txt:18
żadnego,2,True,0065.JPG.parsed.txt:33; 0066.JPG.parsed.txt:12
żywocie,1,True,0006.JPG.parsed.txt:6
żącey,1,True,0006.JPG.parsed.txt:6
